X_0,X_1,X_2,X_3,X_4,X_5,X_6,X_7,X_8,X_9,X_10,X_11,X_12,X_13,X_14,y_s_obs,delta_s
0.05689360302186456,-1.5027085788367482,-1.0630052093938416,0.5511972315136447,-0.4349361626853803,0.1556219100877743,1.0188882566839381,0.7894315423807043,-0.2684018624312459,-0.8407481070463113,0.0,1.0,0.0,1.0,1.0,0.4696400076075008,1
0.39915103717154304,1.4482062084290115,-1.5219313456266905,-0.014498921204828048,1.985621924769241,-2.063197978987368,1.3906988607143174,1.3630083700890456,0.8862725819346862,-1.0935631802457546,1.0,1.0,0.0,0.0,0.0,0.051077196403894735,0
-0.9367503872058428,-1.2493042212795569,-0.843428472164287,1.0670330240925694,0.0659790741032925,1.175368894366717,2.3737440828051692,0.4925478040686992,-1.9761995726199961,-0.7219609533121951,0.0,1.0,1.0,0.0,1.0,0.16443600866350241,0
0.33401859516988397,0.5486921854292711,-1.4651118228808906,1.8239942098744473,-1.094336831396905,-1.297703011549371,0.05030452003195654,1.2544666139319025,0.9670910523044287,1.2978905782838237,1.0,1.0,1.0,0.0,1.0,0.09773872441302016,0
0.4345336979414856,-0.3902420049862619,-0.22095972163184363,0.7892566614488016,-0.501882297837302,1.4250304025211118,1.145097661611137,-0.35278598094167646,0.3438814753231953,1.5202637510374706,1.0,1.0,1.0,0.0,1.0,0.5664639406624588,0
1.2836942199305248,-1.0207891271238878,0.10463358495752594,-1.0236801607220427,2.188597557012579,0.5561863992377268,1.3869740417330687,2.230386184412454,2.0627252170509136,-0.6434680974034905,0.0,1.0,1.0,0.0,1.0,0.3312125303446551,1
-2.105317520761528,0.0824919972352937,-1.595139963043415,0.8140709725052055,0.907847971597085,2.038478604228125,-0.41065001643288446,-0.7544784834933166,-0.841298780806015,0.4545934836866844,0.0,1.0,0.0,0.0,0.0,0.4927519275095715,1
0.6582300231153044,1.2076222697789398,0.4339916624674449,-0.5329641864697177,0.41814588254350565,0.4250993586390088,-0.18775803692154835,0.8487022113457452,-0.5591527936953167,-0.782342087341105,0.0,1.0,1.0,0.0,1.0,0.7168154072125649,0
-0.7196160452454391,0.25857786420101875,1.1530739724016696,-0.16187723240740876,-0.23214345959325336,-0.2187866003167986,1.6919372501326968,-0.573110310132808,0.993117505872534,0.9472865379626212,0.0,0.0,0.0,0.0,1.0,0.7209087441556711,0
-1.7566835655752053,-0.0403032025755129,1.174166257998346,0.43037903530406457,0.649153884113651,-0.19673128733858689,-0.3398185626591466,1.0950690415909676,-1.0204828821734666,-0.45011740280775,1.0,1.0,1.0,0.0,0.0,0.4909186525660761,0
0.8538947721704567,-0.5152908498730696,-1.2729893335908582,0.8457867683132945,-1.8937533633083081,1.278698099832573,1.1161514459457267,0.5405266551138538,-0.7193697188841838,0.41799033020701937,1.0,1.0,1.0,0.0,0.0,0.33043191324643056,1
0.4343505665777123,1.0662205520499715,-0.22242287856173593,-0.045156266612784775,-1.5446386295441326,0.2079596479443342,1.207802377943001,-1.1646729782409693,-1.0946447516550581,-0.5538014520292606,1.0,0.0,1.0,0.0,1.0,0.3017544929201893,0
2.2361097920129827,1.8335904242508707,-1.43298148322429,-0.7960796988847049,-0.5711687444364184,-0.8132483048413394,-0.25727058298018607,0.9410867358820504,0.7285750105716267,0.8989219165325798,1.0,0.0,1.0,0.0,0.0,0.36941118929398187,0
0.1776102670455358,-0.9906958308106244,-0.008920214915503006,0.8114201270237733,-0.25034933888070726,0.9295418143405075,-0.2770021360638012,-1.1732896757993754,-0.14471166289406553,1.2326892757371748,0.0,1.0,1.0,0.0,1.0,0.382826077073407,0
1.9448636915162907,-1.4878736665680732,0.9149976349478385,0.634814208522573,0.8097949705202456,-1.5024776168348817,-0.3965431802135436,0.31642388633830104,1.5684063857121568,0.6228491456029719,0.0,1.0,1.0,1.0,0.0,0.7748334064473116,0
1.3513975302863992,-0.5463562195116728,-0.4581901894417158,0.431073600873818,-0.9650658420855727,-0.08287884766862075,-0.23562481474476424,-0.9638579321252851,-0.657760084849493,-1.291384345060048,0.0,1.0,1.0,0.0,1.0,0.07574400390504803,0
1.0083222474149698,-0.15296852940804573,-0.6181977023847759,-0.1966577261923993,0.4305592547080262,1.9219027134340825,-0.6703686097596072,0.013502086047929197,-0.6007179383615158,0.6115195495877006,0.0,1.0,0.0,0.0,0.0,0.4916679615472769,1
0.5353772655633564,-0.31033710370021234,-0.14851983970443103,-2.6001777579635883,-0.9008702321896742,1.831038006680631,-1.5405936359637542,-1.4459993983949537,-0.7464385056606369,0.1942640439674791,0.0,0.0,0.0,1.0,1.0,0.1850446788326011,0
0.17473761563693427,-0.6380756142281842,0.43861266995127335,-2.0978517765306357,-0.34748820445159845,0.2830340904101555,-1.4806289898195888,-0.07596202574410577,-1.745143293118927,1.0775831283165507,1.0,1.0,0.0,1.0,1.0,0.4206787649012089,1
-0.16630968778151548,-1.5045491013999492,-0.23868160819183323,-0.41333572844658445,1.6626728216658102,-0.6251965743319994,-0.8132118425981253,1.115557145658594,-0.7867091542670245,-0.7579085342773972,1.0,1.0,1.0,0.0,0.0,0.3838333505000303,1
-0.726865358061105,0.31578172065380333,-0.494806839063484,1.3073917524405403,0.3036283947225378,-0.36253792967374354,-1.105674554002181,-0.5573626064356679,0.862072925219307,-2.2705033460963535,0.0,1.0,0.0,0.0,1.0,0.07847948250475312,0
-0.6024470976510888,-0.782100122908906,0.308065037251377,-1.019831882958662,-0.661202741554457,0.6651737346918294,0.8348261141878107,0.42492861496644985,0.3137960258459078,-0.4651240692155694,0.0,0.0,1.0,0.0,0.0,0.129431314832991,1
-0.8801287455384961,-2.0365451023960826,-0.524261718189742,0.5887329013909258,-0.2775839125716692,0.7728903556718288,-1.195139923707272,-0.9837686321684792,1.0453511909261313,0.19086608230107147,0.0,0.0,1.0,0.0,1.0,0.20041629805916406,0
0.20795489817320215,-1.539965357109838,1.6630709243465838,0.40300572465764745,0.6605698408126589,0.007067222930523641,-0.05766439570278011,0.4409725040418156,-0.7456708037079055,-2.4258030701507596,1.0,0.0,0.0,0.0,1.0,0.29650113802319605,0
0.3454378924605209,1.016305885409254,-0.1674279053448454,0.47789141943365293,0.7506144075560245,-1.3664607610592425,0.3599317041326949,0.7901105761745464,-0.7550790010160718,1.2446078984032525,0.0,1.0,1.0,0.0,1.0,0.07405706484403088,0
0.9596640885924684,-0.28232893408358145,0.6002113865752788,0.6566976424622775,0.8061620416884057,1.4714047487029134,0.7543705391027906,0.9918610159104623,-1.562744409972589,-1.151454065112545,1.0,1.0,1.0,0.0,0.0,0.3111297691285198,0
1.3822074175849055,0.2443861182481455,0.07618774982492614,1.2989143339745384,0.894076636386111,-0.32783095896126785,2.160449157265452,-0.7695357744957451,0.05586795451121828,0.09682485040126095,1.0,1.0,1.0,0.0,1.0,0.09882782819093922,0
2.270332433919563,-1.7690307305362458,0.7681862610728782,-1.0722909901000381,0.45469741119594914,0.5460895035641687,0.6677582253943236,-2.501678278939724,-0.9958097227678923,-0.3279827585618924,0.0,0.0,1.0,0.0,1.0,0.5342958108828006,0
-0.20693484996964348,-0.26241404704482163,1.3515450827067501,-1.4184840975005928,-1.672656103213684,2.8274441484473702,0.45399098400349663,0.45093823646530445,-0.6126190132934745,-0.3203042254084316,0.0,0.0,1.0,0.0,0.0,0.1048549337531699,1
-0.20269925159138302,1.2373106828166522,-1.2450261170092758,0.526508127344919,0.5732535639268712,-0.4298953834210177,-0.5443346188244931,-1.1110753035450733,0.023597100731551496,-2.25458527499546,0.0,0.0,0.0,0.0,0.0,0.40506351596942636,0
-1.0968860533297937,0.515855265625137,-0.7304953153952873,0.6615412566159182,0.6781922533246102,-0.21241242250989084,0.4973115026783383,0.1257173215871765,1.3350078719308305,0.08651698018264449,1.0,0.0,1.0,0.0,0.0,0.1961788084242279,0
1.271938886306577,0.22163803365085422,-0.6712244039298069,-0.5242341147607573,-0.8932989139076944,0.1126848923860438,0.05324641173450959,0.8716815606482761,0.21806300022029368,-1.5173428545078305,1.0,1.0,0.0,0.0,0.0,0.4888831539177234,0
0.5947975808792665,-0.010307260438680401,1.7073712614594616,-0.8760768046627349,-1.491441685120202,0.3444235392594398,0.22241109132939124,-0.8619627257094817,-3.0532059428259877,-1.186537883828717,1.0,1.0,1.0,1.0,0.0,0.16355372135748072,0
1.9918695227729388,0.8701818871675507,0.02497598933920987,1.227968807062634,-2.058916194575438,-2.2564430240337687,-0.25730077393352363,-1.757145307319583,0.19768572585181973,0.47527866289162213,1.0,0.0,0.0,0.0,1.0,0.7965778794941906,0
0.7777170771758112,0.8189552972192469,2.540859126087663,-1.4863211016485525,-0.5075544191764382,1.3527309603841764,0.1054543161608877,-0.3144575621276956,-1.350846142170391,0.5228118188177711,0.0,1.0,0.0,1.0,0.0,0.1890157113885458,0
-0.149439966576858,-2.180456398776784,-0.6627159438801749,0.07234789275564045,0.5570549312093181,-0.10520139595052057,-0.9800647852593813,-1.5125008430054339,1.290241325446844,-1.2036422859428502,0.0,0.0,0.0,0.0,0.0,0.4725317832936076,0
-0.4036966760870713,0.450993441337101,0.3844022801174428,0.2489650148935279,1.236214659446099,0.3569207063403624,0.13751464126135593,0.7342392463616999,0.532042059886592,-0.3709792473885728,1.0,1.0,1.0,1.0,1.0,0.5251891391179361,0
1.1118585310843114,0.992364810942775,0.12599838520441492,1.9445617572575087,0.06282378892019048,0.21491085062593934,-0.48875484586803497,-0.01038665782293615,0.04642898236436918,1.789921790467292,0.0,1.0,1.0,0.0,1.0,0.4092079451436322,0
-0.027970114325420122,0.8099008554259116,-1.075910424541413,-0.1389568734396324,0.21499589134764238,-0.482978541283742,-1.1188823435519124,1.1203913581824898,0.2888750447632601,-2.169497731426491,0.0,0.0,1.0,0.0,1.0,0.10872921157024583,0
-0.12235691934153885,-0.6838378605517343,0.813431318469179,-0.684203246270726,-1.0558205064600175,-0.37556101881612647,0.45996679844055466,-0.21947588225436807,0.48952311034913426,-1.1643101064914452,1.0,1.0,0.0,1.0,1.0,0.6196389048965021,0
1.7161273412200777,-0.08113124655406742,-2.1364049803189165,-1.2232992111645833,0.43463495814393305,0.646313973245528,0.8555743134613417,0.17330446880364497,-0.47248685414260505,-1.4879069668690559,0.0,1.0,0.0,0.0,0.0,0.3089044177799031,1
-0.7887556379549975,-0.09350625652096248,-0.8502119196746807,-0.4602752383866975,0.5674263310968781,-1.0423320353282948,1.861383367002166,-1.2970943432370778,0.5423353574117821,1.3484207965425399,0.0,1.0,0.0,0.0,1.0,0.49665941842812056,0
0.5832458192662658,-1.3581838387686604,0.6155782420995877,-0.3595268196313702,-1.0371106442383593,0.8502117835783572,0.7234109654887303,1.7246657038990227,-0.8901406301788075,-0.8542003316632923,0.0,1.0,1.0,0.0,1.0,0.19414966680637416,0
1.5660238444988233,0.6611854478085536,0.6666240692244103,-0.3771108920641158,0.5911929523284223,-1.1233327474169224,-1.1069439338718492,1.6704735297007653,0.8090632916985501,-0.8386026637021268,0.0,0.0,1.0,0.0,1.0,0.1693884570011584,0
-0.8419315636746612,-0.9441092840591047,2.4801767836670052,-1.0669262002074917,1.4342938712473372,-0.4795314422208637,0.4833277061909374,1.6398906331107284,-2.092033281647896,0.6018964766429188,0.0,0.0,1.0,0.0,0.0,0.20438605728444953,1
0.5286173918177064,1.4089586058895769,0.757196951244397,0.24853829415886314,0.2593766477350919,0.3014407726175808,-0.4982336653086155,0.010977809694714942,2.523618833954305,-1.9037522790585433,0.0,1.0,0.0,0.0,1.0,0.1762560022145095,0
-1.4652754216170902,0.17122773727653384,1.7703820569817368,0.7277941492114806,1.6366324755223778,-0.7924394745545719,-0.2145442372452083,0.20245561331942347,-0.0343883587173411,1.8673131055417505,1.0,1.0,1.0,0.0,1.0,0.562040485973315,0
-0.5458152427343779,-0.3210870538205527,-1.0081250586342136,-0.817686259743926,-0.7067713693867126,1.167979121773802,-2.606790930221238,-1.158884945180407,-0.6579802115587625,0.9551336084563732,0.0,0.0,1.0,1.0,1.0,0.28336967807782837,1
0.23265523384838116,-0.17763321807924853,0.44434561384606297,-1.66356161957073,-1.9550577852611961,-0.6507822236895218,0.6930429604747467,0.8669748233620607,3.0920614686388768,0.08599959432119782,1.0,1.0,1.0,1.0,1.0,0.17562755291577214,0
-2.223869948814413,-0.09890227325488242,0.8679672193862424,1.8327702850479497,0.41928789546302037,-0.7624202275648968,0.23390784424325614,-0.9142502574153549,0.7031749276327686,-0.3584026644686866,1.0,0.0,0.0,0.0,1.0,0.26259577979083976,0
-0.7258656134724341,1.3823414482900889,1.2269334947026673,-1.1136554299005683,0.9426822507945826,0.28956574682902625,1.9499631582462158,-0.3074124197755706,-0.20250697924375702,0.8228050545289771,1.0,0.0,1.0,0.0,1.0,0.22445426362691934,0
0.36749095035739315,0.9012638593826144,1.3609742441918657,0.2628343399225795,-0.34634925981471193,0.9156153347914671,-0.6804548244957629,0.945816625354109,-0.43160869297527227,0.1794401622059712,0.0,1.0,1.0,0.0,0.0,0.3084637993084503,0
-0.3669995783773921,-0.30946024720987747,-0.7356037541697741,0.4883886663742416,0.40936271932612806,-1.1045337741804642,-0.8064482498514564,-0.4294733710500063,1.347909642250228,0.11763586377661833,0.0,1.0,0.0,0.0,1.0,0.456678626997958,0
-0.8066467196349048,0.19650800911130217,0.30034808204779323,-0.03833613221270547,-0.35833518355546434,0.6818217575427615,0.05955962370220214,-0.4869301493325515,-0.5949653898384372,0.6813181561448644,1.0,1.0,1.0,1.0,1.0,0.49980538094994603,0
1.0349899023202886,-0.38651877029938625,-0.49273943678126697,-1.6525654053274752,2.2479548060466477,1.1811674095153901,-0.5554528685139518,2.2034359654929805,-0.7849371451736513,-0.2895500958713401,0.0,0.0,1.0,0.0,1.0,0.20635970475404866,1
0.505310366517045,-1.7940894445753481,2.5386331321045827,-0.4798449272192371,1.4782987577066675,-0.4404712321802832,0.03304955044929733,0.015143946463073875,1.2024360026072312,-0.6906295578213459,1.0,1.0,1.0,0.0,1.0,0.4201916358886715,0
1.2485891344408837,0.9514447846975177,1.399783451480471,0.16785886822764506,0.5227053963506918,1.111032806958916,-1.0796967941371822,-0.9621275546793479,1.3522495953076001,1.4301435902991575,1.0,1.0,0.0,0.0,1.0,0.40903017220848337,0
0.22378995202740692,-0.5636628710464067,-1.4193227974038944,0.7086198969338803,1.0765051596254192,-0.47185651242269583,-0.0863227878676488,0.16489235779915218,-0.790372644825584,-0.5449669440533635,1.0,0.0,0.0,1.0,0.0,0.20166570709329543,0
-1.5951440028578754,0.35608268819374,-1.133949026203931,0.32967310273591915,-0.8599152239506755,0.6999105170762357,1.4112022428950597,0.9019654855011244,1.573159041205146,-0.8677475354476061,0.0,0.0,1.0,0.0,1.0,0.13537331693981203,0
-0.9868473397493099,-0.9453309184421775,-0.9962559925671814,1.8210323484937447,0.34523709079907594,-0.7579517784289943,0.643049321131472,0.7087481021731109,-1.3943316596336972,0.18372228304078458,1.0,0.0,0.0,1.0,0.0,0.7570576438566691,0
-1.0662059037979739,-0.10682836146451442,0.8819131587831113,0.3928222731991352,-2.515513449047745,0.3416462906815865,0.3299979281843695,-0.04537043396608496,0.8672086359509259,2.7494820929509323,1.0,0.0,0.0,0.0,0.0,0.2676763411229001,0
-0.44869227163071457,0.8440992173891901,0.8583880912586355,0.3423790387201897,-1.1835808350050476,0.16860104779460094,1.2658485749069905,-0.4958698637617006,1.0158783321690605,0.2693862899326452,1.0,1.0,0.0,0.0,0.0,0.27219008103700365,0
-0.4758812107833235,-0.7741408570244254,-0.46172553178703796,1.943427161209682,-0.5744175105342363,0.4487933663537912,1.8121810069617224,-0.7542586737162061,0.3028389025488192,0.20039409993983862,0.0,1.0,1.0,1.0,1.0,0.8945327814283759,0
1.1002594753011747,0.7568444780702851,0.3633112755082682,-2.3433238502557097,-2.9814206704096806,1.0778627955682434,-2.241081322420604,-0.11034112501685538,-0.4581271854620473,0.5520704665048034,0.0,1.0,0.0,1.0,1.0,0.04579806547542852,0
2.313320460218732,1.1372528899231669,2.841750938724294,-0.09166027215569512,0.22306162177290834,-1.2077110068174886,-0.5704752619275112,0.46103962731419074,1.654537306054325,1.4392457588875287,1.0,0.0,0.0,0.0,1.0,0.7240614275834945,0
1.5564788469844617,-0.2796729473618821,0.8460062954355707,-1.307256418010072,-1.6856212716956105,1.5390368688024383,0.5852127495450329,-0.4776517722770545,-0.8948347961327093,1.1185318755308795,0.0,0.0,1.0,0.0,0.0,0.1356231675841553,1
-0.09835443947112449,-2.772417946609218,0.47890232109200137,0.802394081813565,-0.29153085626620046,-0.03214793835146569,-0.7640393028120804,-1.4516450133136574,-0.1712198756868039,0.8594970438791926,1.0,0.0,0.0,0.0,1.0,0.38643597336692637,0
0.0486874116925855,-0.08087811250032131,0.31869669320731076,-0.5664576488531394,0.577160414003137,-0.5578935518746981,-0.38543410819555735,0.4341833987602867,0.3102819062385404,-0.7045577640473829,1.0,0.0,0.0,1.0,1.0,0.12445397717694369,0
-0.663014504221668,0.588552173187185,-0.9685728946523444,-0.7047417882946277,0.7800345752343592,-0.30039601987593334,-1.1514035197239307,1.1932332802755998,-0.5569778236935783,0.5679260349937495,1.0,0.0,0.0,0.0,1.0,0.0769226092071697,0
-0.9515425052438065,-0.19727603826852233,-1.8375202038310534,-0.2711461265719317,-1.7134194380679408,0.7556938247837605,0.5654969199987465,-0.14247723695014747,1.0331278088481741,-0.7104041950780442,0.0,1.0,1.0,0.0,1.0,0.16530030577647684,1
1.0263451844608333,1.4908738430848754,0.9223346826707043,-0.2038215937782204,0.3939424875042665,1.3597502791518905,0.22692117435436057,-0.453071640960337,-0.9259022098168823,-1.6129904658559109,1.0,1.0,0.0,0.0,1.0,0.36874806538741334,0
0.09156383618518436,0.13597798075311815,1.2894162350535379,-0.7627403784337419,1.1614581048717711,0.17926043401457029,0.9478738335045536,-0.7747645102297769,0.7082631655856368,-0.5622378679220401,1.0,0.0,1.0,1.0,1.0,0.24036791061070384,0
1.455364388016535,-1.0121225415387363,-1.8930725592725093,1.1409388485712164,-1.1382012582139072,1.3205233804282397,1.988097757084231,-0.13410322743578612,0.13011657540232416,-0.2692188881643908,1.0,1.0,0.0,0.0,1.0,0.4125770371200411,0
0.33878819005295063,-1.2542624900494743,0.829526660756858,-0.252514784305561,-1.4430541044984257,-1.195200027271134,0.5631799155194884,-1.3818222623015963,-0.14256343535862162,0.6233916389219538,1.0,1.0,0.0,0.0,1.0,0.5654534916753795,0
1.6243533733460727,-1.2628259378137134,-0.4418634106793753,-0.9658672114358595,2.1738510742068278,0.42688526889579037,2.842181583653942,-1.7777428085804525,-0.9050813225450909,0.7749904707971126,1.0,0.0,0.0,1.0,1.0,0.4779654860036929,0
-0.6804857084268077,2.18403136655013,-0.42313532008677046,-1.1606367869702034,0.58867891117545,1.018302211487161,-1.6535595642775973,1.04873299690201,-0.48174240600564233,0.8191011091314538,0.0,0.0,0.0,0.0,0.0,0.25084243107901527,0
0.3969599828010849,-0.10855666546197063,-0.28262289714082095,-0.8585931840692435,1.0748495140551124,0.08064368072622775,-1.375298341376368,-2.364154031937139,0.8076645546856679,-1.5176210526702083,1.0,1.0,1.0,0.0,1.0,0.4384667383224036,0
-1.150169887164182,0.7335983817056334,1.1224282304021762,0.5877967695554333,-1.073019664795812,-0.1011079766311313,-0.4376310704404526,-1.3991576376897614,1.3201462263941104,-1.069834556692475,1.0,0.0,1.0,0.0,1.0,0.24175498482194904,0
-0.09874949066373459,2.4591116880152466,-0.6531272765492994,1.4121863078670776,-0.5898238410034219,0.5328524271129182,-0.7068056871514093,0.249555041956714,0.33150339438156085,0.014322306939769535,0.0,0.0,0.0,0.0,1.0,0.39680135563144003,0
-0.7871124668955892,-0.40373862367436614,-0.7932138345962594,0.7799141277073735,-0.8679082536179318,-0.4449064869537761,0.0336088350910629,-0.7012529343652993,-0.09329621515946572,-0.10957547966178628,1.0,0.0,0.0,0.0,1.0,0.33718990659759274,0
-0.20673761985312797,-0.12293196826831822,0.40126643536364914,-0.5933409033302388,-1.260408294515921,-1.338496178695645,0.5074324749449911,0.10667057463048067,-0.6425923040441145,-0.941852665548967,0.0,0.0,0.0,1.0,1.0,0.37130764543866357,0
-1.4496938701034865,-0.1994257706551811,-0.5048315952477226,-0.6787055118945907,1.04062827771065,-1.957141219636711,0.3605019349495391,1.305072598204519,-1.842557739944121,0.3230591923985139,0.0,0.0,1.0,1.0,0.0,0.21007117317170917,1
-0.8956779381487976,-0.8375285601821956,0.26792360450728336,1.0112854702096736,-1.547471433653063,-0.9537436229106641,1.9337575017616535,-0.06811091037391895,1.5799920116817032,1.1500542255226442,1.0,1.0,0.0,1.0,1.0,0.2659762479354404,0
0.1527833897847292,-0.3955092966442361,0.5773812652184821,0.6792779018968179,-0.6203402180369039,-0.6740460127907342,-1.9726830075152795,-1.2347501842938962,-0.422098792691799,-0.9930934012337334,0.0,1.0,1.0,0.0,0.0,0.3540425235449854,0
0.48911522384321354,1.0082407733122956,-0.33504570764847963,-0.12639654332906114,1.03516559800436,-0.24312273641787188,0.3028678044789425,0.3612215750544487,0.5621433301848563,0.05845656380895744,0.0,0.0,1.0,0.0,0.0,0.637939253324232,0
-0.16955535018699258,-0.6858399731991748,0.6366942276952472,0.2278091792950539,0.0520987363354883,-1.0660811752812114,0.7219406413912358,-0.23657767812554475,-0.844339723583057,0.9455042475878743,1.0,1.0,1.0,1.0,0.0,0.6532454073383843,0
-1.4547348352324256,-0.48464861149399263,1.258807733076088,-1.2541457752575476,0.13232946382090907,0.980096096556771,-0.5088226329977723,0.27934002910391,-0.22844865169679535,-0.13803731568503538,0.0,1.0,1.0,0.0,1.0,0.16867050560294009,0
2.468635481490356,0.07899580655077765,1.0994921997613847,0.14849895011152117,-1.6398251727926054,0.14949917823181752,-1.7950435330881893,0.046753192512697765,0.37759861919689486,0.4828753725374408,0.0,1.0,0.0,0.0,1.0,0.4752322611943684,0
0.9126135818379023,0.09342972542594058,1.134568396593045,-1.7583571188376785,0.3800056445536026,-1.5804684577680899,0.820413791834821,1.6916534951056377,-0.3592138154536952,1.9364691668889074,0.0,0.0,0.0,0.0,0.0,0.40912045646129835,0
0.9545708472814252,0.22244497851464823,-0.04853080496042595,-0.4801550315457624,-1.6210142138482484,-0.8408089206101674,0.8529286836776938,0.10916141915343136,0.7474749578674738,2.209377817932755,1.0,1.0,0.0,1.0,1.0,0.48373205107881395,0
0.10751079208958157,0.2285257586121714,0.7041692835350953,1.1728532299731285,-0.5674104409369125,0.6237171067393227,0.5894154218343284,-1.4891046051415804,1.391233891826278,0.2853876225119598,1.0,1.0,1.0,1.0,1.0,0.21440949111407645,0
-0.09785246911752947,-0.4288223182773245,0.3827199258989505,-0.6164265326177935,0.5723284473559159,0.9719785349590776,0.2482638072318324,0.49588444959610406,0.13279706236769578,0.7971349049000717,0.0,0.0,0.0,0.0,1.0,0.29886508957344693,1
-0.2855595749901772,-0.9440250048572759,0.2009477776721468,0.6477939735713565,1.1644933741344368,0.4063699327436913,-0.7004029836275969,0.5895455823685061,0.2973134481365228,0.03440065670153752,0.0,0.0,0.0,1.0,1.0,0.6005049432793197,0
0.3758188129654313,-0.2801196424604496,1.6919342864078832,0.970779827101635,-0.4580650350511221,-0.573283997829423,-1.776597834628773,1.0965322209356396,0.16023881921969976,-0.7469222784920067,0.0,1.0,0.0,0.0,0.0,0.5220211094001265,0
-0.7122195494675763,1.7603924278147347,-2.9758571471310766,-0.42224625947214867,-0.5132989218498696,0.05966660492301563,0.5857358242883803,-0.3052220785229886,2.0393709721965436,1.5386626576218103,0.0,1.0,1.0,1.0,1.0,0.8179991847295159,0
1.0361908643096531,0.5314045065554525,-0.015317911450771975,-0.7200183755449269,0.6955845445517903,0.6976113073900102,-1.465806852400445,0.11284523250416441,-0.9982987844613449,0.8940947980701461,1.0,1.0,0.0,0.0,0.0,0.6198896698905406,0
1.1706175923606361,-1.138083193353289,0.10057566351799595,-0.10210951813503319,-0.06355086713584789,1.8362279948242608,-1.2765197976963407,-0.06048173833284142,0.08693996087267507,-0.19698289761016072,0.0,0.0,0.0,1.0,1.0,0.558038308640418,0
-1.2784033110294917,0.8596129249814662,-0.33071874807169627,0.7267996728503953,0.9913895619225253,-0.011052861926749286,1.6472611214113921,-1.5299558193644525,2.4579388320631925,0.626281313508275,1.0,1.0,0.0,0.0,1.0,0.5727229873043732,0
0.3822545673981473,2.700536213507399,-1.0755492787999426,-0.18586565103375124,-1.0674522298373252,-0.4563571399595435,-0.11989132995980871,-0.44839600471135166,-1.1112708872023473,0.7934332872245111,1.0,1.0,1.0,1.0,1.0,0.3188238871765873,0
-0.7580236689997996,1.800826901226603,-0.18683299426751854,0.02036812599482057,1.5411364447345701,-1.1098164747467143,0.6446389198447714,-0.056831121421573504,0.6857082154624771,-2.2035353958644035,0.0,1.0,1.0,1.0,1.0,0.3236674826286046,0
0.3996661652631674,-0.8504214620921491,-0.06255605322399013,2.074213607355746,0.5436197989111029,-0.27850316410343534,0.10950538845590992,0.18482775380349734,-0.088770537020583,0.3400700647368597,1.0,0.0,0.0,0.0,1.0,0.20993408941504263,0
0.7480787655377147,1.44970667324103,-0.9338795807420848,0.17837361746029734,0.4633642774449401,-0.2914465078980496,0.2799122778512965,-0.06794557641427888,-0.8051842965039314,-1.626768571927026,1.0,0.0,0.0,0.0,1.0,0.6754833109346958,0
-1.9753476865102726,0.5845170817192005,-1.357517207627699,0.5433187344772341,0.23940778897765147,-1.6590654601828312,0.6201297437595714,1.01887131270147,0.7778827468176683,0.6145428438863443,1.0,1.0,1.0,0.0,1.0,0.4056107974804534,0
-1.9063205366895986,1.2906060299129924,-1.405846153731154,-0.18847492084073433,0.7482519498962698,-0.2348053625434651,-1.1460149959659522,-1.4897862488580067,-2.479274078831215,-0.1847791416829194,1.0,1.0,0.0,1.0,0.0,0.930506336456121,0
0.4376850450405039,0.10862825062868799,-0.02697358407515506,0.40058751502169243,0.5602370645274575,-0.11477630202232866,-0.8917239942641505,1.0558841775308692,-1.5637786659326238,1.0457267690002714,1.0,0.0,0.0,0.0,0.0,0.12127681289664377,0
1.638202111217744,-0.5038527971259444,-0.529048864294295,0.35230812316602184,-1.6175349720916006,1.1043967285310141,-1.0889281348978985,1.5524134536021532,1.089872602877203,-1.4395232948738206,1.0,0.0,0.0,1.0,1.0,0.5847775743050254,0
0.21113092681579274,0.2603633652056941,1.0875992218022814,1.0145516851568708,0.7243520461286821,1.0107097089858963,-0.12020983043912928,0.6005029403738382,0.8823965536266843,0.10388832183050047,1.0,0.0,0.0,0.0,1.0,0.07156005210008068,0
-0.8036935146956194,1.1653076044690653,-0.43852851073940774,0.07543831854777677,-1.3816104556476152,0.6139292252893153,-1.630907718654454,-1.7704448362564427,-1.2175810943828889,0.005516419587972842,0.0,1.0,1.0,0.0,0.0,0.4876527831551222,0
-0.5271242067105006,0.09566971618686936,-0.24970069530358235,-0.6272918414763642,-0.08874105751909672,0.9888310125952514,0.7665579443798723,-0.8965564809995852,0.9466056581345151,-0.3058676860611738,0.0,1.0,1.0,0.0,1.0,0.2545160596946121,0
1.1434585288764878,-1.2927596239727182,0.043834484809264704,-0.8844991524190656,0.9051293693819297,-0.8426358954132835,-0.24077737910459884,1.562077219305971,-0.43643567068318306,0.7350126304758474,0.0,0.0,1.0,0.0,1.0,0.34826181990710053,1
0.14239290776298655,-0.39417466991817607,0.5707341523859258,0.0388350958147984,1.0826837721928462,-1.3928790662425208,-1.8399285801748206,-1.012889725429033,0.19791078769928883,-2.138877488364836,0.0,1.0,1.0,0.0,1.0,0.3500596256367473,0
0.21279899648689168,0.3470405123458774,-0.6303342684747532,-0.3667229701602282,-1.0548600013798177,-0.5350804495697673,1.0550737130676702,-0.9890464929145465,0.0883309390270732,-0.05974279107826228,1.0,0.0,0.0,0.0,0.0,0.4018798243205489,0
1.6711944158148309,-0.37785011918831535,0.937129276526205,0.24385454659563605,-0.22810448486655688,0.22114689157878653,-1.6087940609570197,0.2348545641061375,1.3058106198669208,-1.2855619152661617,0.0,1.0,0.0,0.0,1.0,0.43858416304141096,0
0.5219170305911143,0.46310150741442446,0.8819059960165662,0.9439960703218878,0.10452933976500617,1.0086937033222385,1.073940916519155,0.6839019515893222,0.6185417207325465,1.258075817361145,0.0,1.0,1.0,1.0,0.0,0.6102536140145436,0
-0.2609063069083328,-2.2949222675342575,-1.2299735075187388,0.23013438051377513,-1.390186416746206,-1.26089163322149,-0.28286265419949413,0.4312185880645883,0.22212210968647275,0.7455861734313788,0.0,0.0,0.0,1.0,0.0,0.20345745952436578,1
-1.048016231077291,0.7527458491853796,-1.2353245332318223,-0.5673544177447775,-0.43954149327894426,0.04837708087196152,-0.22679639625887352,1.6110852477150341,0.32418108193495604,-0.28865107838116205,1.0,1.0,0.0,0.0,0.0,0.25305034117150843,1
1.7561396857537812,0.8131277024901565,-0.352519649603385,-1.0275627182497045,-0.6160874016501567,0.32321170410704214,-0.5034201349930817,-1.456095806984609,-0.3206065885392397,0.7550234558406267,0.0,0.0,0.0,1.0,0.0,0.5698946608492835,0
-2.0420779272470635,-1.2441028703094557,1.327199065477756,0.5100008921022875,1.4397630019176408,0.8200711770070903,0.5490762197660151,0.8464517863058754,0.28678807056055583,-1.6347446948698126,1.0,0.0,0.0,0.0,1.0,0.4400010107068388,0
-0.21178602739920524,1.1383737059621395,0.6383186471439152,-1.7095085429370511,-2.104289453548799,-1.573991022403037,0.6047411492122989,0.0008535586428159925,1.5185227008433377,-1.7155303325915499,1.0,0.0,0.0,0.0,0.0,0.14985515368974245,0
-0.2792171685064161,0.13044938841955314,1.659710479605824,-0.9773539510657413,0.3403196137994175,-2.32845533165408,-0.41546463647808046,1.0164999778533739,-0.047904564973142126,0.17150109612271178,0.0,1.0,1.0,0.0,1.0,0.20159590884270137,0
-0.10509724404532408,-0.4945181272032398,-0.5930621833761499,0.4231133561821432,-0.8411009181706122,4.3628144290246854e-05,-0.18794036368541361,0.08339424686839403,0.2350412389291778,-0.38954772155289563,0.0,1.0,1.0,0.0,1.0,0.28213107175318103,1
1.480286105512559,0.07698522882428595,-0.14345234706643484,0.048959872057969006,-0.4235434530043203,-1.4559056851699927,2.1851060776061075,1.4493068268006604,-0.11108429601949692,-0.9701487436484375,1.0,0.0,0.0,0.0,1.0,0.20847207985518332,0
0.8258152052590987,0.4145939598644305,0.24060782918419923,0.9187666604788126,0.9276024731560221,1.746897769196153,0.34862902247793137,-2.5124346862295375,-0.35256230877542954,-1.0843671173239087,0.0,0.0,1.0,0.0,0.0,0.36185508766127544,0
0.1361389091310034,-0.3838287149198232,0.054702398941876486,0.7077925733323965,0.009386201041126419,-0.4049703462514942,-0.6190381993422189,-1.2871972952559003,-1.5410444170879698,-1.4061309291396344,1.0,0.0,0.0,1.0,1.0,0.11150631034037659,0
-1.3878013584158762,-2.9141585997948276,-1.2314062213400565,-0.6452344921045836,-0.5643941921205639,1.2327718711391706,1.0812417127315521,0.5597657353329867,-0.6851420463362045,0.17320929546915378,1.0,0.0,1.0,0.0,1.0,0.0636797761988077,1
0.4425200358561675,-0.3569754120953985,-0.6378890659513304,0.8302892368354049,0.3595155772133933,0.593401551252145,-0.8797560780408691,0.24849987696137138,0.6269621501770895,1.4111927317884356,1.0,1.0,1.0,0.0,0.0,0.11267598158091242,0
-0.8144301522576084,-1.1322950811364825,-1.2372059229962498,-0.8254552532621888,-1.0650719577082295,-0.3218902238154041,1.725510082194481,0.9783946911509174,1.4151078753503183,-0.046147178476827914,1.0,1.0,1.0,0.0,1.0,0.19312982664813047,0
1.584731054137815,-0.9459366803530243,-1.1750648698900266,-0.859098313084886,-0.8259425228540561,1.4540908014465177,1.1955499940434833,-0.22875700637674048,-0.8696178844745779,1.1796645972779738,0.0,0.0,0.0,0.0,1.0,0.2624590455582879,1
0.013477432444093825,-0.019016287529356225,-0.3895503203664335,-0.7037364857631155,-0.2269849514296833,-0.9777070880270101,-0.6385157688435398,0.12775698125632953,0.43240624848983084,-1.491402017123771,1.0,1.0,1.0,0.0,0.0,0.32871960056390914,0
0.052997969116425896,0.5504063023443706,1.5218418535957976,-0.6928082917958128,0.29800566037569415,-1.1298628719921935,-0.3215817182795524,-1.6377244675287086,-0.17908957870689823,0.94840474690763,1.0,1.0,1.0,0.0,1.0,0.5425107824115227,0
-0.2850442826080933,0.37747850151478934,-0.6718485215082576,0.1918537406588274,-0.21872558248237678,0.04241597277975304,1.4002790269132808,1.2672752026527219,-0.5450682294094541,-0.7922700228338143,1.0,0.0,1.0,0.0,1.0,0.3191762580291732,1
0.137763872420032,0.894596933067703,-2.5945532269974145,1.1724645473213948,-1.3039147044047181,0.177876298649747,0.4871392738131973,0.6830057551102667,0.5932614884313926,0.3424006833525703,0.0,1.0,1.0,1.0,1.0,0.4341394464498258,0
-0.15305840393878398,0.1114538154030544,-0.0775201553827903,-0.22791838322386646,-1.1366593262094864,-0.18517916499408554,1.7747724557211788,-0.4214286950328351,0.26169110232241394,-1.1315678713047865,0.0,0.0,0.0,0.0,1.0,0.2392957733214668,0
1.8105805568727102,0.18826650971977138,-2.912611917790344,-1.582292541174314,0.30800398233992854,0.21589770784309878,1.3096268675036404,0.28563807937092517,-0.12015959820282592,0.08150394007317663,1.0,1.0,1.0,0.0,1.0,0.2776378510442289,1
0.16623710776697398,0.6897870022102013,-0.5384496277716295,0.3063721129901519,-1.050925899048976,-1.760649845015852,-0.26135733884170265,1.7636347709227527,-0.5637067143365733,1.3225990498296767,0.0,0.0,0.0,1.0,1.0,0.41029827263688196,0
-1.0543987073580865,0.8873114266811228,-1.9421232012906535,-0.4060817168850136,0.40144003807163153,-0.6872525080740535,-0.030434637314698875,0.7636789421526474,0.2847312763527909,0.8709002198676838,1.0,0.0,0.0,1.0,1.0,0.44831810581429477,1
0.24741110928259127,1.6236508854085674,0.5464466250485145,0.16810626573908224,0.7947339709254667,0.8392936462296144,0.44678455748665263,0.8464267479994194,0.8348848891802302,0.6190592282780878,1.0,0.0,0.0,0.0,1.0,0.2410002210590783,0
-0.5360088253413378,0.8131900694743222,-2.4136308571208627,-0.8871629186850943,-1.2051996486624836,-0.5923957825306828,-1.4278640694405675,-2.1848527289205704,-0.05085132317349403,0.6354194569366574,1.0,1.0,1.0,1.0,0.0,0.6467684188727445,1
-0.9161420404544959,1.545631588080873,-1.2590677626908162,0.43344405504192685,-1.369851583962272,0.767457270389571,-0.5124358006544144,-0.33429822411394566,2.1524383323151337,-0.5885019726024049,1.0,1.0,0.0,0.0,0.0,0.24694074332397162,0
0.220580630485218,0.1347990656761916,0.7042230340774366,0.156506700135187,-0.6105439181685557,-0.3185352808325797,-0.7540561142782369,0.32158137721894386,0.46237550546328476,0.7828643387487623,0.0,0.0,1.0,0.0,0.0,0.4636950329602817,0
1.126003513968437,-0.1700967988163037,2.607421242974726,-0.18225753271649953,0.8361182444149409,1.3667289316095717,1.0946273063821557,-2.7110236410411575,-0.271719459685576,-0.017252658448931795,1.0,0.0,1.0,0.0,1.0,0.1885161491099377,0
1.3859293280621658,-1.5898545928908085,0.297219340117018,-1.2521451775860228,0.9473131382290996,0.40076514692723464,2.1455086490183053,0.04984687555881566,-0.7411858398463977,1.1184765135930965,1.0,0.0,1.0,0.0,1.0,0.10224610118145992,0
-2.7658950487144334,-1.9973547724470726,0.0864090116204315,-1.058975313194112,-0.12646239104724386,-1.2073146168641362,0.5015172701862661,-0.30447098816517576,0.39341039502094827,0.30239233071430044,1.0,1.0,1.0,0.0,1.0,0.2879679002552225,1
0.7516572682777506,-1.3183728979664744,-0.2907344227007827,0.09415308613382439,0.04290265450588017,-1.0008988803580119,-0.628507903365319,0.4718593110610021,-0.34470785143918137,-0.3033663342191432,0.0,0.0,0.0,1.0,1.0,0.6383493971568067,0
-0.398502486451773,0.12565016909333218,-0.4500540617762889,0.7208503982138017,0.712541228629596,-1.4155603418330978,0.03633938023549845,-1.664449317037247,0.5804356401733288,-0.245507263497438,1.0,0.0,1.0,0.0,1.0,0.1276588673400784,0
1.4800451310823675,-1.0217124884471762,-1.3521103153206495,1.954854271488598,-0.890883069680968,0.07653751970155526,-1.1706816522061003,1.4606109417332713,-0.42374741409685485,1.3832505368779529,0.0,1.0,1.0,0.0,1.0,0.3978318361582702,0
-1.3722640296725923,2.060270895573057,-0.43856449431606986,-1.1110331492890724,-0.7882660339424923,1.6515379442844418,-0.04662400500630558,-1.622008463354187,0.31136106774132005,-0.5812193609333255,0.0,0.0,1.0,0.0,1.0,0.34323857319038303,1
-0.04173478493743215,-0.6078593352262823,1.0287222849730084,-1.922893315325197,0.8779395250534721,0.0023802474488933776,-0.5623505162923804,0.012897602640417147,-1.4850530249670815,0.35410379807412284,0.0,0.0,1.0,0.0,1.0,0.29199146832959605,1
0.9833134769935886,-0.4079389681270524,-0.3710556986054511,-0.6247028447778783,-0.7950392226429037,0.031963557340161215,0.17231537257366092,-0.6649536572120701,-0.9713028684340994,-0.23831375718278747,0.0,1.0,0.0,0.0,0.0,0.4300615906501386,0
-0.4438821592285904,0.10077329407175473,0.05544703007496305,1.2236595272115265,-1.0338789286713772,-0.36809232031672195,-0.4271203494265687,0.8696857044947102,-0.04471957812148026,-0.952893509041581,0.0,0.0,1.0,1.0,1.0,0.46321098463686927,0
-0.3132223441430715,-0.03879091072907634,1.0786340958518517,-0.4496288464438059,-0.24587663251589414,0.1048286567608049,-0.538739548286841,-0.3291845886420843,0.9818578559816684,0.5627329785224161,1.0,0.0,1.0,0.0,1.0,0.4856261864671993,0
-1.3043301252894386,1.1305433616138012,-1.3081001414793239,0.14613418084107885,-0.36626605951136987,1.3484289354829644,-0.401393660818007,-0.018899734141500042,0.19998544034753246,-0.3639884255144016,1.0,0.0,1.0,0.0,1.0,0.4444952593903313,1
-0.04066640104730218,-0.7054911168823326,-0.9383788179741304,-0.14531705978850706,-0.7377581747482032,0.9535444420319837,-0.030177057861031725,2.5861916390931157,0.3691900141725973,-0.478308441433265,0.0,0.0,0.0,1.0,1.0,0.24587984337571062,0
-0.8935267838131788,2.281779955230003,-0.5631389522950679,1.0718100085506241,0.8023590612680014,-0.3206133843935078,-0.5443373626308559,-0.201711708792225,0.14896049088728894,-1.8975665904337549,1.0,0.0,1.0,0.0,1.0,0.5927975663015046,0
-2.057268249887734,-0.5357305739033855,-0.004370771893711394,-0.5879877537844969,-1.167205727536657,0.21613406660487167,0.6366606246808787,-0.4786147613791307,-1.1966104286014863,2.4776317977122524,0.0,1.0,1.0,0.0,1.0,0.3054961772814486,1
0.06756182962432403,-1.2691334238260954,-0.7795360623887336,0.8056650924083457,-0.02796514992813206,2.7590053194946416,0.20202660294433,0.1444665447307996,-0.7195024246631935,-0.5558979688759914,0.0,0.0,0.0,0.0,0.0,0.21633793297263304,0
-0.17869320779810582,0.3612652600549904,0.13083966530140292,0.7660651252551658,1.6653607508987347,2.0470512782958448,-0.2536201157898075,0.4937576302391513,1.541230768604667,-0.2785987950146166,1.0,0.0,1.0,1.0,1.0,0.5789852871541575,0
-0.2993459593636219,-0.6815972577961988,-0.6118378631376117,0.6372886693421114,1.36886200476682,-0.08626548324516109,-0.721959932010202,0.2367897604117228,0.05440411247038665,-0.26529387613390437,1.0,1.0,1.0,0.0,0.0,0.20749872487936014,0
-0.012409932298726037,-0.06012284769262007,0.4403680200281926,0.37431195539212797,0.8881240635326443,2.2878642296750793,-0.09205782471586105,0.5250496975496642,-1.0117565968793893,0.5437524425670351,0.0,0.0,0.0,0.0,1.0,0.1620009771294368,0
-0.08425164400982671,-1.3625582620186372,-0.9038602421250808,1.2933681538315653,1.3677595866684538,-1.4182894186511459,-1.3578677541509796,1.8149033335012754,0.07499131609888585,0.27321388192248874,1.0,1.0,0.0,0.0,1.0,0.39268459798363936,0
0.07555254740215042,-0.4249519897049802,0.9507711263359403,-1.0554467889734092,0.9138114412425922,-0.7638155543004974,-0.5966182714984288,0.6816893066738036,2.2417393727351973,1.2580548553849538,0.0,0.0,0.0,1.0,1.0,0.01097589256563789,0
0.4436414349880534,-0.7731237366409994,-1.0145638756004285,1.373444680481493,-0.09145190115652076,-0.46967756966485413,-1.5596759562815476,0.807588635608913,-0.1550879436382256,-0.6749748996100268,0.0,1.0,0.0,1.0,1.0,0.6479578341618952,0
0.36399211246798135,0.31777455545334693,-0.4018276568558788,-1.2750998238357236,0.9352827894017184,-0.4762197834534506,1.3463539460737564,-1.3472202246683473,1.0565574753590972,-2.2961230929883496,0.0,1.0,1.0,0.0,0.0,0.27812060238107256,0
0.03265261764468563,1.7158174389791405,-0.16091927709500958,-0.12594258213779388,-2.0904850699386177,1.0191494062550983,-1.1006032000589234,0.4002106506473538,-1.0045252589197422,0.42160021649495466,1.0,0.0,1.0,0.0,0.0,0.3388766503281048,0
-0.7898262947182945,1.7032868262277494,-1.762940783581598,1.5940545681469807,0.08820193259444313,-0.12036596453657367,-0.5909703080710055,-0.021916407757817297,0.9527617859176634,1.619007252389238,1.0,1.0,0.0,1.0,1.0,0.2713371927745005,0
-0.2152483617968964,-1.0948808409628588,0.027966893438248774,-0.02179689474952191,0.5354492684706595,-0.1545059794027689,1.475280286942297,-0.228994305706088,0.1375911893474241,-0.9518081392202747,1.0,0.0,0.0,0.0,1.0,0.5881387152744297,0
0.6137126136444685,-1.3303558655656555,0.07003962469527962,-1.174957020275063,0.3466941928788243,-1.5438873816086027,0.6515881402089428,-0.8047949569628603,1.1036034991773596,0.19160076910921706,1.0,0.0,0.0,1.0,1.0,0.3332779182955966,0
-0.0044016123748940785,1.2305862650001946,2.3004990410514057,0.16254839719238726,0.6567712453814042,-0.5907042547892086,-0.7535079152417432,-0.7638766780160726,0.6857188531073659,0.23218729989344492,1.0,1.0,1.0,0.0,0.0,0.4750268988039669,0
1.2108611330541612,-0.08699335217951447,0.02719494423076775,0.5487704078470612,-0.14440170044709402,-0.9521913123487191,0.036149522009938706,-2.4425170544094414,0.17452038279885457,1.2643652095998976,0.0,0.0,1.0,0.0,0.0,0.19786933886497016,0
-0.5755866785209263,-1.295896030552407,-0.04115133289212453,0.7680919980740101,1.1035580040904935,1.383791551311636,1.0860630978517933,0.12888738719502238,0.6470775506490465,-0.7100403532876747,0.0,1.0,1.0,1.0,1.0,0.1119770240674507,0
-0.5838387836416671,-0.7670100317056927,2.780777237731569,0.019317961485712146,-0.6417001897849638,-1.1091090164674329,0.6914253264722156,-1.825950406758775,0.4594740244784835,-0.5362777085477995,0.0,0.0,1.0,0.0,1.0,0.4187004693280375,0
0.6842415341497753,-1.2860550162285735,-0.3395348365520092,1.176154961651001,0.6414857556925004,0.36602038980323864,-0.7986765315320487,0.029811938274558004,0.43670000375350854,0.27924520391968893,0.0,0.0,0.0,0.0,0.0,0.4013924406262039,0
1.8800825698929393,-0.00046219675095392296,0.3585438103009067,-0.7951694041868546,1.2567543505282073,-0.7070624491867352,0.5597168913972042,1.6219248629504017,-1.4224088361556282,1.2742547567697537,1.0,0.0,0.0,0.0,0.0,0.45598821174498844,0
-0.44007327361648824,0.6727635288024315,-0.6863734581919771,-0.2468418644023472,0.5129936254472836,0.051804027331462145,-0.3272284605931789,1.4638960986297975,0.9793392959950369,-0.3530309635655023,0.0,1.0,0.0,1.0,1.0,0.5758486233140317,0
-1.3057667698619482,-1.0866698469156608,-0.972500384180473,-1.4062473675345217,-0.5824325627959337,0.772423923358018,0.004577920713044044,0.3338348580281691,-0.6674139203163636,-0.5346484754583359,0.0,1.0,0.0,0.0,0.0,0.12519390259194743,1
-0.3478795464854165,1.3388139400206005,-0.4433578958589362,-1.279608038924919,1.7295145696918053,-0.2891775329625068,-0.15585487245028207,-1.4521387066524982,-0.47367733391268624,-0.11996031088343222,1.0,1.0,1.0,0.0,1.0,0.6257157628183087,0
0.12903425478846756,-0.0725854730786036,0.2578091742114195,-0.13401588025303546,-1.0047263977868859,-1.7144634901023161,1.4411906473263822,0.4867566914565447,0.08210456898482398,0.5457222000157897,0.0,0.0,1.0,0.0,0.0,0.110305526697319,0
0.31067435231827395,0.08405333041318337,0.4601651915598286,0.8948193615720086,0.8042970759754456,-0.7322843187821335,-0.5390200453756544,-0.0593156062498667,0.8900109115061638,1.1061488555676346,0.0,1.0,1.0,1.0,1.0,0.1802745282286428,0
0.058991132134088596,0.7364737744902623,-0.21716290303081306,0.351321648530261,-1.0159171649415728,0.4962223820922206,0.43260065282835575,-0.8600475921990838,0.07093716807158512,-0.8062647407357516,1.0,1.0,1.0,0.0,0.0,0.38130116576323236,0
-1.803872629473292,-0.5704018461150906,0.056668006411834185,1.1261525718431453,0.5396347219970247,-1.7258247904647765,-1.3432819399616287,0.5958084189905193,1.0045510014285355,-0.11050590989360835,0.0,1.0,1.0,0.0,1.0,0.38051326318435624,0
-0.6248619087924051,-0.0788457918962098,1.655001145860087,-2.044223428086422,-0.44852199376694357,-2.058479416277837,-1.791858304692399,-0.06663598612557632,-0.567211417513329,0.8491727147301648,0.0,1.0,1.0,0.0,1.0,0.34841952530983084,0
-1.3566704133791736,1.1253011325117404,-1.1226094982725099,0.3740479766280743,0.32812940070069047,-0.7458642710397987,1.644435902737361,1.068258628936432,0.3428807587093046,1.1130756571510227,0.0,0.0,0.0,0.0,0.0,0.17668424799868362,0
-0.23192419408095336,-1.357211703939652,0.39726410326589795,-1.9224805187533145,-0.6250185499949767,-1.5203728461103716,0.677986493923219,0.29155803365229527,-0.35808269536295934,-0.6468463501643411,1.0,0.0,0.0,1.0,1.0,0.41807404094625766,1
-0.1563899024313898,-0.7871300879453729,1.0652433251454003,-0.10209022334585748,0.9817561584470168,-0.4588182099824285,0.4759428039834974,0.3057189515160802,0.4301418104398447,-1.0758323582635148,1.0,1.0,1.0,0.0,1.0,0.3151158900629772,0
-0.7608177740717733,-0.40616292060168896,-1.0249027140646394,1.6242270736906819,1.8790969634651897,-0.4756673721948573,0.7200136686246816,0.14507762619949324,1.5639551208449165,0.5518352086018031,0.0,0.0,1.0,1.0,1.0,0.25576851472076007,0
-1.0353357642582937,-0.47236017368518973,-2.0586423358225114,-0.2917164852528253,1.2976720912703332,-0.4938001413276523,0.49515193843697464,0.22227572145379437,-0.924094579046081,1.1294935252589968,1.0,0.0,0.0,0.0,1.0,0.20508764634953125,0
-1.427547888826805,1.2845581356743963,-0.2707511806401607,1.5714324157158452,0.09141815375833631,-0.0795463685234408,-0.7487333242886611,-0.3508941291460776,0.4566612432244053,0.3999922065169692,1.0,1.0,1.0,0.0,1.0,0.6769498759459938,0
0.9460556863138257,0.776663364211338,0.9294698950428725,1.085826960902192,0.7744225654524278,-0.664943382207651,0.3535097569535972,-0.44416345232635757,0.5312823452240273,-1.4699374315547489,0.0,1.0,1.0,1.0,1.0,0.566690204835482,0
0.6285992726005172,-0.393783269112075,-0.02241989312421688,0.6631081032619932,-0.26831224118747155,0.7080216979863885,-0.7605008792501758,-1.519416039931571,-0.08039494347243367,-0.5648708406807015,1.0,0.0,1.0,1.0,0.0,0.1934853279322672,0
-2.2796297529969145,0.4640606439876388,-0.6380053831200913,-0.9402752455984605,0.9862376476415426,0.5852936505122314,0.48113953084356437,0.8111510895334738,1.1278529290536774,0.1228266331564223,0.0,1.0,1.0,1.0,1.0,0.04626364789881654,0
0.3898137491729635,1.737710744945134,-0.4330391452660725,1.8446057040980097,-1.137599245766721,-1.033546840352541,-1.2982557053743946,1.360818604690464,-1.1037220416321267,-0.28216137456973184,1.0,1.0,1.0,0.0,0.0,0.1627962788385968,0
-1.161911771168764,1.7723237601574076,-0.8716955436007278,-1.1611170141598894,0.4925359807533036,0.1697423114067019,0.26347879170187527,-2.9065883758731434,-0.7339525794523979,0.15296468386919723,0.0,0.0,1.0,0.0,0.0,0.15398831737980492,0
1.0021296109284494,0.12890891594831036,1.88601009185331,0.28358100064526526,0.33468676030228617,-0.9113901104452389,-1.5232545130800337,-0.6309374682893754,-0.03968379117514,-0.5596873807281856,1.0,1.0,0.0,1.0,1.0,0.5402114065130705,0
-1.4604723746405845,0.2787849017942437,0.8851957180898148,0.49253044546782065,0.14172164193872472,0.14194872782999343,1.059277864391985,0.22334605200820076,0.3714998309788118,0.10256456640374408,0.0,0.0,0.0,0.0,1.0,0.32565316945084577,0
0.4559506442451975,0.6368040206661163,-0.49639063006887163,0.8429459255145856,1.8358062186302389,-0.7475774494109835,0.234509400512669,0.8459886538694354,-0.12490697576493404,-0.41837030166645967,0.0,0.0,0.0,0.0,1.0,0.30556627524685515,0
0.7736459300846351,2.6948055487228064,-0.3564007412175486,1.073268097126789,-0.9797981546897653,-0.28312874950680017,-0.5010127085667369,-0.21872374562548513,0.3480086141568663,1.4312920207003645,1.0,0.0,0.0,1.0,1.0,0.3386578575409143,0
-0.04503396041356789,-0.3352547453123699,2.0375660441854273,0.011772673622112139,-0.36376732735279277,-1.996882118137467,0.6499880513437449,-0.00994316525080316,1.1657908296159598,0.5781525163555428,1.0,1.0,0.0,1.0,1.0,0.5242144261938027,0
0.614974249099676,0.3131763644531657,0.4124511299838205,-0.5790414701390428,-0.019478836536826215,0.6306132011737589,0.8610707783332441,0.7177297706351397,-1.5583708101932072,-0.7240810153393055,1.0,0.0,1.0,0.0,1.0,0.3585497343716352,1
-0.31775941239694583,-2.062783587672838,1.1364939936771463,-0.5290699863987459,-0.8758635221280419,0.5980256540685909,0.6813484667899663,-0.0047614459151793095,-0.5992988044497438,0.8990546968441444,0.0,1.0,0.0,0.0,1.0,0.268494075657256,1
0.9753995166687642,0.036064928605361535,-1.1409210220329045,1.4623425335077485,-0.21926632986156616,-0.15906224912317504,-0.8857221162790371,1.0198480112158064,-0.2135064249123582,1.2795596396230786,1.0,0.0,0.0,1.0,0.0,0.42603830181938307,0
