Omega_1,Omega_2,Omega_3,Omega_4,Omega_5,Omega_6,Omega_7,Omega_8,Omega_9,Omega_10
0.00999664306124095,-0.09088013631014914,0.10756580045212025,0.057760818896506326,-0.1774087874323275,0.09704886534636781,-0.00015914666568625502,-0.07183564637211172,-0.04903135950070627,-0.027364283075486072
0.07091783960335926,-0.04869866087646863,0.06445518848559678,0.0015231962460689023,0.040858697109979136,-0.023387749804215693,0.005744045800042719,-0.034489455257257044,-0.0734066665619192,0.0942473052858315
-0.06073677815441367,0.00996179565118948,0.049560108418089624,-0.14809708770077312,-0.06108735650529944,-0.17353331866662913,0.06990403512469935,-0.12412494139933018,-0.014894427275587152,-0.019000740686399967
0.17916102338859216,0.01893175837767888,-0.10685577392240052,-0.09317247655385172,0.0349101405416105,0.005658873096532513,0.10349814250989575,0.053725892308470025,-0.10010615397456861,-0.029197325965314068
-0.029133216216984906,-0.11570501261779394,0.03805465135989411,-0.04403792369515393,-0.03842828709994022,-0.12954719322330024,0.09628318242624741,0.04346487440101765,-0.08556578118859513,-0.056799308647841495
0.048630449752153554,-0.013157304314299616,-0.02119322567966351,-0.1250890634932677,0.07189124013952633,-0.02373472097318599,0.05359316600632782,0.017569497271735148,0.046755035756221267,0.026952056921403234
-0.056868287559744504,-0.04369524213324394,-0.07624406135804865,0.00484134374455638,0.05524893160595484,-0.029646395079558602,-0.013899285169486832,0.0029101742944808513,0.08031930829854718,-0.04662414930577198
0.05377305333519612,-0.10336935214994226,-0.005394451634670624,0.07877536403066673,-0.11679034296105022,-0.07520731029365553,-0.1894163247527224,-0.0558766428615569,-0.0414399173475673,0.12067329441738134
-0.26886554618552105,0.1342813352345169,-0.08732256217308705,-0.0317673694251835,-0.027581784526446322,-0.13208173365124562,-0.02888613938913899,-0.003059514962209235,0.04170961512946368,-0.09368914209415358
-0.08644190475459071,0.14120958392547345,0.15074282700971703,-0.039251858024012334,0.09533845795388823,0.0283944916668378,-0.005013873199124239,0.06514775320403737,-0.11103654406547443,0.0076349251851273725
-0.1346927529936054,0.013627798941334646,0.17405335402370797,0.09997419958987527,0.07682448722841743,0.034424333211487114,0.07204991230801934,0.10752889811120826,0.03594032840903766,-0.051411932961822365
-0.01003003223177646,0.07192477452324082,-0.13697054936441677,0.0009301842943992486,-0.04548785624052907,0.051366739053941166,-0.12110173833312843,-0.06935896306237302,0.04152766429250682,-0.006608508456249209
0.11712200907734602,0.11274521433438792,0.017942190432880343,0.0256584866277658,0.00950454268307793,0.1188797778967094,0.10342859363954945,-0.12403429192707806,-0.11182124106216453,-0.053194550059452395
0.02676776688931308,-0.08725807314017817,-0.05183273521053346,-0.006550218393573892,-0.12011905611819093,-0.02898680506610824,-0.05726941126759589,-0.011089521261518687,0.06679744103409505,0.0938270045171456
0.05971750655345955,-0.07361669275886731,-0.0025638348353987928,0.10180250759701316,0.12604737724034848,0.05787180816215195,-0.09663359078822069,-0.055040995854161556,-0.08407992478715644,-0.0030599638953865277
0.18130169336338786,-0.16825754482434255,-0.08466728914661635,-0.04258193532195346,0.042285401258080925,0.02249687514324488,0.021644889057291006,-0.11799994135072703,0.07845110001105642,0.012752173712728312
0.1536076157853851,0.08444401154235688,-0.07935912111202323,-0.12580894988061045,-0.0225408714590325,0.005770145236122529,-0.09747460843853403,-0.06252892548567583,-0.07994880103296957,0.003270871827641346
-0.04856069568497639,0.18621408465828765,-0.10083930141950695,0.07931245319250724,0.00847073552918598,0.012005047201440164,0.028875751998807007,0.020389255050436976,0.08444483698980328,-0.04879663299887384
-0.04078014956894361,-0.019629399389784526,-0.06991356738909997,0.08974001758136424,0.09556638663462896,-0.007767035170696851,-0.05148746666992174,-0.03573569540976044,-0.06816727201446791,0.028110599593514505
0.039033402437725004,-0.03673696343884787,0.19644880284474753,-0.04102470854578034,0.033745873135259064,-0.0017753674031310285,-0.16579297862733963,0.0627965427569644,-0.10098159206401047,-0.03308970077419919
0.15298146258386822,-0.05965484324964583,-0.044457126307158826,0.015739681022929296,0.048987896367296654,-0.08761469155418201,0.012731781570237008,0.060967820083288174,-0.048355101575346365,0.025265008929289
-0.00906582847217929,0.03682297979080619,0.027046236948685874,-0.003515352040954399,-0.0035977659975152954,0.11652049863647276,0.010821077083151078,0.07377002632737019,-0.04470100831548376,-0.021710990055020363
-0.02076963039087173,0.20343285421628876,-0.13807350489100464,-0.11812692376757211,-0.046777942177029436,0.03737773820200935,0.1163754496169844,0.019075921971608498,0.051339615745517916,-0.13730087066898547
-0.17604151543983543,-0.015398910528425583,-0.09374696150603197,0.027986382861628994,0.025275192744959984,0.03696254875306232,-0.1399194667547,0.011590604235125639,-0.10415523427622757,0.08032991046433428
-0.1940875246328204,0.2037843502944328,0.054219159729514625,0.035764065184877486,0.18276559374155774,-0.0638601376798789,-0.04977547082068064,0.006148885833530876,0.027761252689559993,-0.08613193843781923
0.14332910358343504,0.14601856590884374,0.01713507355228245,0.11566329034184619,-0.07182793410902238,0.029737271644185263,-0.01028582883585093,-0.16933612297251419,0.05466029861469402,0.10851221793201166
-0.06347705053003672,-0.0010407393456574772,-0.029881249247864596,0.1629662721168489,-0.0526563628505917,-0.010231881737827384,0.0012897945205560656,0.048589690634218786,0.12402757037701204,0.1429518252776507
-0.06496320938377623,0.029981388165976404,0.09066156709163027,0.12393533093529274,-0.09384087734073444,-0.03125551500668717,0.05542493394422679,-0.012084672370480824,-0.06542743687146595,0.035202751346055425
-0.15999783002690884,-0.08996436357584259,0.11147432680972995,-0.023057235261723215,0.14538819051466628,-0.10257226282137882,-0.02805655769740635,0.022075884646027874,-0.013374721829313964,-0.0011615742529874316
-0.1579139436097871,0.05903465217729964,0.04520398747114548,0.06871291832726086,0.0867566229404739,0.04554340924645521,-0.08168205647353755,-0.10441317221801372,0.07998873730398992,0.024588925390959214
0.00210136642645653,0.11783959794597633,0.024498138197626102,-0.16218378248048715,-0.019019073534079417,0.196329560643591,-0.11125576852064135,0.13264425038593672,-0.20301333241351133,0.06523244998538463
0.058313434760657305,0.09248907633634991,0.10771743824226027,0.017054679192436206,0.19217139107027753,0.06945818693572006,0.03302891055632478,0.019573605481991396,0.11284672105961023,0.1317749669331097
-0.13748149202978113,0.03447289765238698,-0.09195653892884148,0.05276491391431209,0.10820124427854685,-0.06136351050617901,0.09203838035946618,0.11592158816405099,-0.035529795677674045,0.0621092428613041
0.010866388429546481,0.0038882469761366764,0.0879174913163805,-0.01701875705243619,-0.0884261113481713,0.09811430727627635,-0.07213104350276835,-0.15010502242986185,0.005372469940043242,0.11825094392964795
0.06420545149860961,0.10058788553161202,-0.039303617325232854,0.16538998596622612,0.039795013342854804,-0.06163872839827956,0.039993108040100867,0.07524379008341568,-0.08493527538234191,0.052846997803896734
0.01933117623159399,0.06871666106538178,0.04894012237550853,0.17732595658849132,0.05134436752305557,0.08667199769691805,0.003553889717496775,-0.019785648019309925,0.12152654159372583,-0.14529643999464653
-0.00896081294608779,0.013348853018164433,-0.10370420948464018,-0.05326472983360667,-0.0838753386103689,-0.029239100842125863,-0.04730585626374761,0.007266408262989106,-0.057911081736431724,-0.0730427119556119
0.07327507702747232,-0.025325073444954427,0.017195529192804374,0.02357251139344584,0.08746104717767264,6.33572102153035e-05,0.02555310417277359,-0.023422580299571498,-0.09224239997025128,0.13255995736169784
0.033009337901453176,-0.04210525867098597,-0.05275245884360014,-0.1346070184110295,-0.054608460476824466,-0.22583366885309006,0.14073982807719973,-0.0032476169010643187,0.11734154015339412,0.014579500545380592
0.14784014254949188,0.11718875129602752,0.1274037899892036,0.12311576023044261,-0.08610125183271788,0.11425669892318618,0.022582249494030662,0.006122525708410431,-0.14798347818212476,-0.040717321198866244
-0.03894788603605656,-0.03911398476640657,0.016628089137401502,-0.14787166733434276,0.14953405777276144,-0.08240347477603799,-0.045135932835301595,0.010227829911010672,0.05218051455990301,-0.00466173442021281
-0.1529340598143662,0.09486352145890221,0.13755731188191678,0.10919174150805526,0.10215421134696824,-0.04002097813577005,0.05659596371949378,-0.05351318032131226,0.008946471791205089,-0.09156303974689625
0.08401626155719426,-0.07669063570106478,-0.09321389514850743,-0.031524055814603276,-0.11261185563490678,0.05099082872025,0.03803975946682048,0.12838342268684996,0.013110503495676808,0.13419001664345886
0.1179695309089234,0.05929658013308027,-0.05254843391562348,-0.0587149527162391,-0.05396910118253923,0.1819265730539015,0.012106266270511035,0.0038289951117704904,0.06903036069835945,0.1438835041197416
-0.14202982714936888,-0.048314069786498194,-0.16640764784762763,-0.13081383603033675,0.005203883915536233,-0.0974760020911013,0.10949351990438966,0.0024142343742275807,-0.040426904648945675,-0.10947251596441657
0.0018373762130885901,0.046556272922634076,0.014158682654538034,-0.0026507719535333162,-0.14327346206901392,-0.07480611023524766,0.09391452544801382,-0.020920771698944966,0.04561610499337964,0.025631060619030498
-0.08096271832591057,0.06726245895298982,-0.03753415860532895,0.1249623323960766,-0.05811020966293657,-0.018855778283735372,0.08387905899570977,-0.05025376365983789,0.09222345178093527,-0.04465826362666775
-0.039586955796808834,0.035217168783334564,0.02037118474318056,-0.06529856389344113,-0.11385790560981132,-0.04270281891671013,-0.15247333402602542,0.007303421750046876,0.03780292641979955,-0.07172080622773233
0.14919884198441402,-0.0820930961263599,-0.07747390827161896,0.11187589084897992,0.13505502062695543,0.047207385367929705,-0.04865859275559924,-0.10830599966441998,0.04679643768380451,-0.04625663891014108
-0.0016866904740927002,-0.08971623391693395,0.14512327901725636,0.04363867778464946,-0.24404224838369565,0.19939027446057783,-0.11188567882137776,0.125429175991908,-0.12208133329897841,0.020767292570379025
0.07597163793235048,0.06028743007312763,-0.070464677019641,0.08396405017591917,0.09236401028824556,0.08892971473859221,-0.1500575329192554,-0.07767387727377137,-0.11414902767945151,0.05941615931540539
-0.19843909352651704,-0.06164983266598975,0.0732568630772231,-0.14814550281919128,-0.0764568229216785,0.01732137387890438,-0.008981303657671608,0.03100267832083522,0.09979207830917744,-0.0024675883144286634
-0.0004527569838043593,0.15935192663323589,0.0290724864343124,0.05677489294133467,0.10105652548959365,0.07958255408265003,-0.09830126349954799,-0.048953826691800435,-0.09277647469082885,-0.08684425536394741
0.09845791423701682,0.21719914065773402,0.07735417026267195,-0.16583467092207999,-0.11017261194702033,0.07815600824265245,-0.09389054037729291,0.19432981136325378,0.14018155421763107,0.08637103213843195
0.06768756544888443,0.09226862622282628,0.06832983641905725,-0.04028848563306646,-0.05887680423782953,0.060109545524656124,0.12995379578032012,0.046054951842244986,-0.12090728766928918,-0.06449673755196413
-0.046203360214634254,0.02059353358065722,0.1218618184487239,0.04989256427497169,0.15347208106052532,0.022039167061513817,0.06918366939616388,-0.0312822223580968,-0.005046659094701728,-0.027785982443426623
0.017045169825039144,-0.04302245204977833,0.054437441274779216,-0.03828760295241504,0.00022069938094874605,-0.005916066837753387,-0.09629039888508888,-0.08739940707069088,-0.057645312609756666,-0.09637819828593748
-0.08065412971157164,0.09121926450467094,0.07992181265536814,-0.13890683240765053,0.0007026867903587204,0.0477782564055918,0.018947159999619767,0.055346399382328264,0.14855631553897924,-0.0466705176334236
0.10653556127463445,0.09424531905169667,0.13327841072564714,0.007397096802711563,-0.16907469005464726,-0.055352496324713216,0.007216218645621615,0.011248939060476155,-0.052335702210254506,-0.02274863980201499
-0.004770687223969672,-0.06548127541804945,0.052933484345259796,-0.06120427554796819,0.06123415507300859,0.05617565909290531,-0.10493447607683143,0.006695982742102442,-0.14539745408367852,-0.023212176037310177
0.05005566029533628,0.0959227647082679,0.07642105207292521,0.11713895424115453,-0.20007873698233494,0.10447477792634599,-0.06813514209071207,-0.07230004777641821,-0.007233940020869012,-0.01837237359951227
-0.051794554331618343,-0.07300645035303847,0.017481785270372113,-0.12488529056287542,0.0012201138349228514,-0.18322713940558,0.07463875697726999,0.1291356422401016,-0.06067270348139338,-0.1924841168260908
-0.08605413378257853,0.04142398289719386,0.09364456084467492,0.010172095150234022,0.10790085412122512,0.06922989152895441,-0.015773708696811384,-0.10545758004813269,0.03467251819293697,0.025765127390369014
-0.08098554228425098,-0.02521507334573915,-0.1688512062734286,-0.17843485143814006,0.058046306478787384,-0.0979111443418799,0.09477216261647069,0.12455959880479126,-0.11997864244191989,-0.024839518913526863
0.003192056664291131,-0.07341594060871902,-0.028115358328984777,-0.06987741066454277,-0.02779775269720971,-0.06399351678909011,-0.07385502919030969,0.12463576554877187,0.12106596253503064,0.04138028978467525
0.12812696313040534,-0.09054222454776606,0.009333317574431732,-0.12553809941340582,0.05068854582522257,-0.03417064708765915,-0.10833726685756007,0.052686851746286484,-0.04176312064083882,-0.1802587213315644
0.028983361693647677,0.01093960785431477,-0.10075114995901856,0.08502838144435187,0.1858812488265636,-0.07476395523806534,0.09947555346351974,-0.09166974991462476,-0.14224890460336934,-0.039019165880767565
-0.06732852734393457,0.036450855290607584,-0.061318864553989,0.0026500951325033467,-0.10045773149917384,-0.10497702775432922,0.09133661338778584,-0.11051324038632643,-0.13568829655619974,-0.016261018691842363
-0.0717326293388317,-0.1789941729478282,-0.00899686234034598,0.08970703594619522,0.14524583278236924,0.024675465061792023,-0.14935687910515913,0.07450729868517197,0.006229825926523425,0.0219982878574173
-0.07541730957067133,-0.024509596133221016,0.03648738723610098,0.04244280094857553,0.01581476856594658,-0.08305110482139635,-0.07875118337395395,0.08757152215137012,-0.0012295952394691806,-0.049410028803744975
0.04452630477228295,-0.003157277546781861,0.0322043727634829,-0.24038935294402639,-0.02650475301255416,0.15024136991405462,-0.02836749403069027,0.019541864650729865,0.0932401766063239,-0.09062153454362223
-0.09998094931146251,0.022519137057275967,-0.0035075911296683984,-0.02041656312178937,0.07995013646834902,0.04344435034261161,-0.06218603786123691,0.03530625363482094,0.0805005091036411,0.06743554140617664
-0.022775761837099912,0.09333765380064378,-0.2149038395021024,-0.015242020536535533,0.02175268610618958,0.06302900049594251,0.07175239668934111,0.06858803352258261,-0.04830768815204374,-0.03629595714754374
-0.12004484622756532,-0.010734244776774753,-0.031021477302026455,-0.00383544810761903,-0.1251851347498121,-0.07666581321687094,0.13531597641465287,-0.0899472979054189,-0.01674168690913989,-0.21215612731407846
0.006741676209780938,0.12652312560400364,-0.020170298381992212,0.03225993481359349,0.02304624013640314,-0.07297205668230748,0.1500404505464108,0.17839222110045136,0.017229837997070646,0.08037530041214414
-0.03283026456300323,-0.10382786340611783,0.08173506974862274,-0.11728883978205945,0.12368918452801671,-0.13107303037211107,0.01102098902454337,0.0547294772260613,0.13080812801479397,0.052637199268462095
0.20023832762429217,-0.08720614701782435,0.03936193704595685,-0.016684718042117918,-0.12465841708837835,-0.018961001546247344,-0.00016164169628770514,-0.16712900895706795,-0.014233361581059756,-0.02554886276381852
0.05474184361476396,0.18452862038626142,-0.03677801205982437,0.08572942688467569,0.020880085748848354,0.059855496336008056,-0.07624502218928027,0.02936943130239557,-0.005879190927792113,0.02424389552407958
-0.00381048875398865,0.0905909329011413,0.0408900083563798,0.05703507665100683,-0.02160717150990922,-0.14334626747733142,-0.026271242763417666,0.0026832364412646553,-0.040886749959063856,-0.03186391076164971
-0.07887590008958324,-0.06589193291139148,0.02641953823014721,-0.1909881273785241,0.055264375115606154,0.023663874899264727,0.04048369196065134,-0.033397079181770956,-0.07265617577271684,-0.12678877692223844
0.010154244358220692,-0.013886262919133703,-0.022079334547314134,0.15782886366925064,0.22770187302196426,0.07772409792557737,0.04069352466418061,0.059392555462284516,0.08373816122655225,0.027690231290816027
-0.05005610307087836,-0.022299120635346233,0.022872631382922316,-0.01607902954002852,0.10343551410550803,0.0230850524973161,-0.09455130897730497,0.20416147169443047,0.11289798635043388,0.05677652195070458
0.010795490287158968,-0.11862015999020205,0.0059058679108626964,0.02800037465198589,0.0513019225624933,-0.106759985995144,0.10279964887605694,0.09032825893766017,-0.005898050002673544,0.10838439055774379
-0.03200681853632005,0.0635764099973427,0.07712844216287741,-0.042998166782998545,-0.04095984339980792,0.010132143546463811,0.09316811023073418,-0.13527986234791414,0.027508698045303315,0.04625169170886216
0.011164008530625883,0.009506573406146229,-0.1044993873238247,-0.018400227692296364,0.06448968931924431,-0.03924425515469645,0.09870561978912842,-0.11075337630484064,0.04166717425490194,-0.029886428587308556
0.07094066273024886,-0.060963117732077216,0.11565921553313893,-0.16558627965036055,-0.04864077740513854,0.08717430211692125,-0.133155452156015,0.03024206179197053,0.060179720243775506,-0.05082762168061037
0.04266880800682977,-0.17025597185010957,0.036565235840330175,0.051045353876646285,-0.05447046281404643,-0.07594003971870253,0.01627651827138018,-0.05368568566898475,-0.05237360773289968,-0.09854587462335063
-0.11238904887876425,0.19012751787832022,0.0943124931370424,0.028009488335666195,0.20025443602131254,0.13308663411361432,0.11153058874400912,-0.11160714207955091,0.03159410177365608,-0.07531173801805824
0.01656841419623385,0.08860269987010912,-0.016641268888737737,0.04929437770537652,-0.1421608023942352,0.15007796373692822,0.013913209203876342,-0.06747166809902765,0.0359523397742665,0.03980602047949074
0.016572237617932303,0.0673381837975726,-0.0909188574515219,-0.026848195392383367,0.11979042526090955,-0.011056957731196158,0.11096436499082431,-0.0780912381316627,-0.10729565598095829,0.0772699401679527
-0.09202994126646512,0.15789287754447467,0.06950599689075806,-0.03646875534405587,0.0863868485023214,0.03895813304689248,-0.06301637414413298,-0.0060786908065439405,0.060145598928637724,-0.02878793440870224
-0.06729506944201764,-0.07562186180374393,-0.16125456408903144,0.027337761018414047,0.05897961900934486,-0.054574803388476964,-0.1254618223407119,0.03945768169506444,0.10763449478510667,-0.09852881233582153
0.18563156332893446,-0.004625915542086809,-0.11088423309834548,0.043312229517711465,0.027341427244119865,-0.015391617443363516,-0.04613416954414991,0.14630320084633106,-0.006146470045547177,-0.17542449740976757
0.09250084803960884,0.17410940427696084,0.03906626698430649,-0.05121537989989911,-0.040544323347154805,-0.05851305717707944,0.06268571639773175,-0.12599714036059773,0.21538770245883537,0.053544911501763784
-0.0006034723419045367,-0.09833265188426234,-0.022555368434055936,-0.1078106823412911,-0.12338952631268228,0.07792605545578753,0.04462143682000204,0.12647224682284391,-0.1712317995013623,0.027620501508993305
-0.009466635988684255,-0.06173338416415368,-0.035154740467340656,-0.023110560454544536,-0.10652073833904614,-0.0794160900229122,0.020882386519531795,0.08232256325427703,-0.0009132196922311923,0.04752054052557144
-0.005214136027093269,0.006616808926634396,-0.0039892065567647544,0.02830935574116264,0.0822830516710745,-0.07019006167393446,-0.004283825671245883,-0.12182565172542931,0.058928558194456526,0.0028927540961209003
0.17811517722980807,-0.009765852066472548,-0.04618038222764531,0.1435178531120534,0.07873962283816527,-0.034340561873913045,-0.004641097692668338,0.08033712507338958,-0.00988727941654452,-0.015321744233970622
0.023613312928650657,-0.04906685696283699,0.01783227101242109,-0.24824804523075267,0.08756838438987291,0.011421326820181668,0.16829447174224815,-0.028091062773518534,0.09876078448639172,0.1199866339477525
0.03449410098215664,0.020113912052369995,-0.07637724197116988,0.03980633942240212,-0.08971482079626374,-0.04096704658376119,-0.03595756501387237,0.06899310789139643,-0.056822086818019445,-0.05557742711374664
-0.00930842293759128,0.028612332572900488,-0.042232641358589666,0.15396970056270923,-0.04061189976883241,-0.02341210960070416,0.10932961057440875,0.006180784187768614,0.04830988197097184,-0.04733482883903331
-0.1801350388015283,0.05040214182067019,0.002726975496301104,-0.09192577727366963,0.09854200594468904,-0.01308357411652522,-0.09972877084362775,-0.07356644678843409,-0.19952160109847095,0.019989129300440237
0.012591343569841732,-0.08181101707263932,0.14381419252118527,-0.12848201607390475,0.11302248780098095,-0.14893677140017356,-0.19044691110763745,0.06755112684898812,0.07072760931956058,0.0498372894922982
0.0594816617910058,0.020642968205348458,-0.06582261037825447,-0.0009186638852625439,0.0703556985196869,-0.07659983016208204,0.04555160850811806,0.07684757160622203,-0.01704236712658668,-0.05184059480687015
-0.010404009332553543,-0.04160538107764412,-0.08630645233415699,-0.01002267253221944,-0.02566508106524854,-0.0928473606875434,0.11190400294140203,-0.010067474590033848,-0.017896413838144845,-0.10332317133031986
-0.07094175709181963,-0.0809668614453245,0.03867250562671391,-0.14714319240959708,0.14890445426753468,-0.0295767885451347,-0.04374209547172484,-0.00687191639154696,-0.07604829585352132,0.07644856687799427
0.10096572111093678,-0.0508258621639172,0.028791216965111992,-0.008530564558206305,-0.0010390504817844454,0.09060054484654845,0.02689234177470931,0.11472261780231344,0.0828196332998116,-0.06172973155344601
-0.05268360635221501,0.08632858209331418,-0.019161883590630535,0.13071869775711972,0.025010935647723446,0.01660635404754686,-0.054107014025058436,0.23350874726107967,0.04539265779492329,0.0029380585113981117
-0.07861735755097554,0.07060412603652938,0.10218647248806079,0.08309264595143703,-0.1237838984484525,0.012166317551145549,0.018978631487990946,0.07567891389459715,-0.059463156789635804,0.050697205676294765
0.04805324656657494,-0.053844857633761664,-0.08137535827001184,0.02501514048321632,-0.03586729130817043,-0.02393072315266026,-0.08999035855578484,0.12720262049808284,0.02992734738741419,-0.11415195998873773
0.11217298870459483,0.04860057243987386,0.04224859420176909,-0.156454429924737,0.004813614754043391,-0.1476636062322167,-0.047996234802346154,-0.17953850556251683,-0.02163414370068752,0.10151008459600598
0.036880511896010874,0.010902420179275032,0.01546022178048011,-0.05528750920663225,0.00837722162036661,0.03146785638442477,-0.13617388800335775,0.058609422835051495,-0.08211131658095544,-0.04383648278090085
0.023042275246738603,0.12863953371451622,0.0649983290208403,-0.06635289398745776,0.02778253168666822,0.03525206766036243,0.06539940656970156,0.023905005413518213,-0.08565496594614783,0.03192154443465629
0.13596668205685797,-0.0625509848457391,-0.1574929819774065,0.10768534786535033,-0.003778024814464275,0.00219408012516719,0.20222409115377468,0.02778997549468257,0.0195532192889094,0.08369349273846248
0.07113349387719509,-0.027580938808009638,0.04980154724241617,0.16864065377428827,-0.11162954118177706,0.08708793295696647,-0.10927286619877274,-0.021029340620035305,-0.06991888945475633,0.021695988476705466
0.0570003009309713,-0.019168825471686225,-0.08510191632840275,-0.08321389989923142,-0.09826320558644018,0.17230486514966672,0.15199393328289143,-0.15169028574064192,-0.0061841803408369655,-0.07087065802371584
0.01159087330078443,-0.08514146193051218,-0.09990060163327359,-0.05491460687769094,-0.15897157466166006,0.25251612004344626,-0.048633192948837015,-0.20742040670175219,0.07200801125594868,-0.03156266548390835
0.005160090563202466,0.05406690329756005,-0.09712510461269559,0.017481380624265602,0.08364402791434762,-0.036484124638602164,-0.002973958361730325,-0.032067713738898135,-0.08787313730422239,0.07533100772929285
-0.05399754644968686,-0.1238575504829742,-0.039348065583152944,-0.004865796227275371,-0.0585966739107556,0.021883082574443324,-0.14646917873139695,0.2841625757275999,0.05644093964234126,-0.06128516339321313
-0.025919732202603227,0.15946637810153644,-0.162490833819932,0.00659244793904927,0.011929104244550983,-0.09416649159921636,0.05779756917996035,-0.10667201698912952,0.12664709845981287,0.011572958678234758
-0.03494017811087137,-0.032914260378905685,0.01644186859648686,0.0048432725616675484,-0.12842278557483877,0.05202780810662812,0.0626995767443492,0.09423621611749997,-0.06275247766130311,0.04115875148426056
0.04162765092237455,0.03390497785319495,0.09397590930439977,-0.0687968543848587,0.17577173807778024,-0.008610224532961362,0.03792494132434138,-0.08177566206135159,-0.0022907826409548134,-0.16635022637768782
-0.008819852892057955,-0.19128374573754678,-0.15790214774004796,-0.015110368455405233,0.04990344663637823,0.11816475900733345,-0.011314557592690452,-0.11474605690201155,-0.019150334903813442,0.07092761255112481
0.08700534563124748,-0.044948163673313696,0.030375124240011174,-0.08759909675022168,0.11738614007264028,-0.02739945731358029,-0.14602779284772047,-0.18040030048659772,-0.03180850621878496,-0.026844779209993064
0.07145223329712444,0.10333270958192739,0.05440517654229388,-0.11671949311134416,0.09970049641740314,-0.08658255231371059,0.10433744788442474,0.17617192179953026,0.07344066536393185,0.03970233884104344
-0.16737693588687305,-0.1183324812404528,-0.09038016517838987,0.039705177298030636,0.012912538003392695,-0.03892148928490838,-0.07256150517025273,0.06568668989059503,0.03159910458842458,-0.06091949260501466
0.1430871283884471,-0.13222580003233728,0.11045775703338553,-0.0037160665069847316,0.1299628866494798,0.03128653202260518,-0.08770996450116895,0.019514002226128313,0.03147270934359546,0.08181277358538147
-0.042334704491659395,-0.03927612707473483,-0.08628832379758998,-0.038605773148245606,-0.03721356486604275,-0.029808394778850507,-0.0562709935214125,-0.06586354794517896,-0.0797081843339802,-0.04405525219945228
-0.04425409021506202,-0.06730260129608456,-0.04893712220504266,0.05326850052350772,-0.12043613140253716,0.11678693969911003,0.1427796580101604,0.02582558298465915,0.0880760498681916,-0.0104641643367695
-0.17641500719733308,-0.013162095312136593,0.1150267364923939,-0.04143487247851042,0.14005229451067147,-0.0852466050229046,0.03363895298667489,0.02192432445386054,0.029221343101876865,-0.08562617497064853
0.009782868431181514,-0.0751870118736584,0.18854141827637838,-0.03414653547063845,-0.03137058137684391,-0.16257792220334683,-0.09165880282823399,0.0957228020694681,0.004467108113064826,-0.038791096322730124
0.042124263699999935,-0.04173602548755477,-0.04530219102479584,-0.050779619687887925,-0.0838076206385757,-0.07439972816442571,-0.03805275051738503,-0.022212924943135336,-0.0035228856967341876,-0.054170708586509575
-0.04190860700096838,-0.024330842500425807,0.048342269784460615,0.11235477743343784,0.1738879409413514,0.016312420775494024,0.0966049300309453,-0.04932443269013804,-0.030726411856118914,-0.07027643098276595
-0.057109961074918225,-0.1732310699691837,0.04161156618641662,-0.0653649010577571,0.11020143602756416,0.0051839892360631135,0.008889820798755443,0.04730454678071165,0.03121410421589567,0.04963209829310754
-0.10207455045720135,-0.052887398838632346,-0.08457295256786324,0.01902226346150602,0.07393746488767268,0.14325635199120332,-0.10422187628035075,-0.1358642452342534,0.00677497354436416,0.0599639324721481
0.1551844582442668,-0.0381592719161626,0.016488589495673805,0.09843599816234609,-0.09209499341812055,-0.039264183724788716,0.1591515678409332,0.013625403584629256,-0.10454664214514006,0.004790283111088568
-0.053385588500997,-0.06918482735828596,0.036025088101786854,-0.01576922257110567,-0.004394190781481677,-0.0422770607027675,0.2774326322711339,0.020016605490012745,-0.1022103667617036,-0.02963753626917337
0.12323228079651109,0.010965546142946796,0.1050854914241165,1.0197198009704103e-05,-0.032546944674663396,-0.05340453801347495,-0.007158621696282922,-0.04976087954403973,0.13646432148204066,0.13746625412772856
0.0036004197716458103,0.06502913471138044,-0.007766618701455015,-0.06060912714667136,-0.008884482851477422,0.02621751799378721,-0.1141740049444971,-0.22090005886405406,-0.02765460660860952,0.029552080052146615
0.09427471266853873,-0.08764557429628092,0.01073468147888846,-0.08241720160402223,-0.14504637222993483,-0.0938344142597991,-0.14447852544836137,-0.04065845982368798,-0.037053169319520324,0.072043239236483
0.14919506693087664,0.07917254024776048,0.16534923947501293,0.07754740989757437,0.007467568654972466,0.03973944474002093,-0.0721981335830604,-0.027373393255398646,-0.09021097860635378,0.09214829970952017
0.12345890499960033,-0.15674141571271738,-0.03087759581948353,0.029394373786470154,0.09690731115746401,-0.10520211322579114,0.055640623203152356,0.033752573369755505,0.05080479007770116,-0.15234655460020397
0.06276662423122463,-0.12720141963491005,-0.03671187552273686,-0.3301060909039006,-0.04731434893900639,0.08862205857153731,0.12276237527521,-0.03585733639009134,-0.22319979268873869,-0.011964665245760784
0.03091234757277439,0.0007937794541910286,-0.017279131299709868,-0.056118174256351086,0.05307525583202941,0.10348421847536284,-0.027097429415155812,0.07567199079433051,-0.10925667871253229,0.10373070602212649
0.06786568996462296,0.057179495866103505,0.0028775078364879324,-0.00720282142109235,-0.11205891563488043,0.15323900546062275,0.13088882635545074,-0.013178841459981862,-0.06828869396103822,-0.16735621895621405
0.028717923355827325,-0.1253466179781827,-0.08756790521764879,0.021547145350434206,0.020065799815894132,-0.032427791866117994,-0.0018374563367847471,0.016315916898905942,0.06784861121180104,0.003202055489199322
-0.008830289566545128,0.019160924907669387,0.017425475110779354,-0.18184366874192587,-0.04849451872363024,0.041713425447891916,-0.04847228095354238,-0.010668146788156654,-0.07849270228668898,-0.05365848670229246
0.08092324188296317,-0.03529284134619947,0.028614445476371594,-0.09467361909668276,0.025509258857647016,0.0213802394272729,-0.0186452634768624,-0.21041755724261296,-0.030747257061452524,0.019198865780411953
-0.14345393970040488,-0.10242256150704371,-0.08420567337139676,0.1073504318236075,0.04310553208561542,0.022989293938672523,0.007460292725801253,0.13768452672062087,0.057326479161821924,0.06659283783506696
-0.058538394335994726,-0.07422713130316004,-0.05472951195767485,-0.0013602917126017203,-0.19504734833540738,0.015610713658799333,0.0032631163035364633,0.22070918906852593,-0.13485206677154243,-0.02303651079941111
0.00039708576011494856,-0.13125308898505117,-0.006110044411673227,-0.04339606438319324,-0.0615938469858578,0.06538813316224641,-0.12831028171056574,-0.07532605214092832,-0.05866171709253348,-0.1942675822709109
0.005740653203428384,0.06423767275426275,-0.04101111329749452,0.008871579065945412,-0.01850798975878076,-0.04686893070089852,0.04663353649914498,-0.07701094772631245,0.030785289656108925,-0.007821272228189315
-0.06853847523098955,-0.021100153563384294,0.03096333666212145,-0.008487316161150055,0.07815107581931678,-0.03962695512026482,-0.049552210210414234,-0.08462679243161858,-0.0953816525910611,-0.13157613070633517
0.0003772892642041753,0.008321941944589392,0.14853770236642344,-0.20789000560374088,0.07777786444279926,-0.01870901364336673,0.01771910072360678,0.03144515020313836,-0.06772987121476387,0.043971560517465424
-0.014265431535076391,0.17676822891602184,-0.09517921474964501,0.07958189056814172,-0.010555133663229181,-0.009755022718355419,0.06647358729454758,-0.030589189764055863,0.14085321275264745,-0.10304711660742308
-0.11467503751728184,-0.13468350251477296,-0.07558506745368329,-0.061208705675459094,-0.08865228393625874,-0.03692629510406477,-0.13817919440817328,-0.16687247224313068,-0.05800220606564542,0.16699521959923325
0.025950006019251487,-0.016552237297575805,-0.027123825221855087,-0.02297499596511314,-0.09740643670838617,0.002313543083831906,0.043804128713032166,0.016385137806239354,-0.08643579495949354,-0.1630799575215065
-0.07948322047268296,-0.0717461635224601,0.17419402247236215,-0.014505580334513914,-0.0565758758957036,0.1155799805264945,-0.13543920113812521,0.01636169271704735,0.07713525902571758,0.07653827987227493
0.055269406734076224,-0.05920456280664906,-0.045697079512632965,-0.08471479335822367,0.0152962404005617,-0.10916657503705786,0.11419201674594974,-0.07552420117677999,0.07413456363291732,0.058909209186666374
-0.039617900507551124,0.02888846268951601,0.08189094892940837,0.022491419109217477,-0.17144417206440543,0.024870439715577092,0.130283499107603,-0.060419526262224285,0.03435532386654937,0.10730127913059029
0.131267035831293,-0.07783699168745802,-0.0751025694921655,-0.027977600915154364,-0.010812775393389026,0.0957663499069218,0.05954241951719343,0.11105413917134448,0.1665528155982121,-0.05859828463095912
0.10521653175810107,-0.02827356859585689,-0.12420815388838424,0.019705965328127455,-0.1559446527427606,0.017890071415508586,0.044835978121508684,0.13140548708585195,0.043866394963607204,0.19337481438609438
-0.00800224959159037,0.048286334534294914,0.0816104933746028,-0.12089096220583323,0.06830669958689398,0.007988942488104209,0.02079674156952959,0.08348911447334065,-0.010765345687822322,0.09030062742232664
0.1318627046129299,-0.034474980244134416,-0.03675306329575613,-0.1834191218717725,-0.13274608358058843,-0.15088723767687764,0.13716545353622908,-0.06262910533776608,0.007873438017916502,0.019684387428784977
-0.014283104192911565,0.06111809061296311,0.08516464295938708,-0.10664961274677341,0.07013798959241507,-0.05254362028660531,0.04395858103786547,-0.06324368174722139,0.0883332489737562,0.023623865173649703
-0.10102364367953848,-0.03156939026760749,0.07335889451490289,0.015771517781717065,0.12488481673179852,0.1251985709012308,-0.016307024049462437,0.04795856920456777,-0.16141388037116922,-0.11882238355749261
0.03656836349785597,0.030566835042406534,-0.05700854208363863,0.04856382669419038,0.043178256546411,-0.037577853091489505,-0.01603799101582095,-0.0017994672855667568,0.0020762250614830263,0.029453007330587304
0.023197678829023193,-0.13429748437738115,0.05008200599991364,0.09401385471461016,0.03577832365554447,0.05377751061312554,0.05754593963072138,0.11410696133906861,0.025786694481310428,-0.12518904163940886
-0.04095857514829124,0.16807317196891403,-0.09474099914080489,0.05815039959543975,0.10447295960084846,-0.03888685662134446,0.12589152533558332,0.024998176828530776,0.0070374857234999574,0.08173215504405332
0.007607553089444885,0.0847046516930837,-0.10808757383955586,0.05994934709772479,0.007406836103568494,0.06120153949466241,0.04229961847630302,0.06851315776801079,-0.00013455364339813591,0.04197792793872327
0.05877221235792529,-0.10585775669447217,0.15844510608052798,0.14177664621154917,-0.0916742684659271,0.11204135081466166,0.05861275407005854,-0.04363059573736801,0.014047248638370502,-0.08076755935424941
-0.03842214543723224,0.01277929668240679,-0.07532533116219814,0.026316067275518842,0.05983186064481832,0.04478969327641296,0.16000428650528048,0.031198977109895783,0.04768839392123958,0.04261336404722384
0.11498427089617883,0.1418920159605775,-0.03042266217769854,0.02880911957296859,-0.0470381167080166,-0.06806607110907582,-0.07528167373508908,-0.0042224806578156845,-0.015655232170505316,0.16772201613851828
-0.00846792839586751,0.15765676178571517,0.014671056119485708,-0.05314651919819095,-0.11348566215539922,-0.01610272602675874,0.058574435398571545,-0.004948293698316619,0.0542830817315341,0.042572655158824774
-0.035460114550643226,-0.01622269873539854,-0.049248291199093935,0.12748485839749385,0.030023016558330208,0.07030761399853558,0.11041636341230501,0.12743893227014952,0.0013352194107422999,0.0023379733688867355
0.03164168667287967,-0.043457303328916334,0.025371178752123146,-0.15470839222523497,0.16150801157632833,-0.009027647123939136,-0.019422029245972878,-0.007157133905173859,0.027478333844267677,0.11317620358530525
0.11198494893451885,0.013513413082873824,0.09918234579592408,-0.15342255426270138,0.0935921819975146,0.11875281548420931,-0.07531505149858204,0.0046172292319414145,0.09753747692976124,-0.029710857343962657
0.1007273370337858,0.07313801749578337,-0.08299774261470864,0.09202628156506629,0.007911946998169946,-0.05299675010824481,-0.02588116628594219,-0.07829266581747107,-0.012297798179266125,0.10819734179971799
-0.060601858933407936,0.07337911735497758,-0.09757418067460827,-0.10489544387016755,-0.04991627738667653,-0.12558181821221484,0.14053332370950278,-0.025568911305755816,0.03519271578919591,-0.13403230811586803
0.18629854118001948,-0.02742113846998538,0.035371467672600576,-0.05493791564156907,0.021150774289353545,-0.027472201580105535,-8.185156734714927e-05,-0.035027596153328615,-0.1131119220565645,-0.09891958582947866
-0.014279822927356696,0.052752807513185965,-0.023121293197661628,0.058596220574744985,0.08143210270160586,-0.1280943149433286,-0.025976903498636378,0.03732395584832705,-0.04886612191614144,-0.16977656509605
-0.013643110585045484,-0.1325518974356813,0.07071495368330483,-0.05262250976666512,-0.09354390619175956,-0.10526536984237522,-0.11867615796177036,0.035639189470887345,0.04507220230292422,0.11367008191483625
0.059068543925965486,0.020640694127635223,0.031874991116012295,0.029125815903545675,-0.011334509772712902,-0.0392015874571176,-0.11891886359102313,-0.06446328586110356,-0.03940556930314316,-0.1317058814632234
-0.053488022083266897,0.031151624984475747,-0.0871163685879268,0.09874731476996132,-0.06394909976706314,-0.0901552843212974,-0.07815826832490733,0.13106939963583877,-0.08989907548251236,-0.007297937091949803
-0.03880890898302043,-0.04477961763581578,0.04200439554297821,0.15595429814639888,-0.09837335549551854,-0.031251059279333956,0.002244867790954133,0.07484356079708945,-0.04687820253238141,-0.07070203721238415
0.17749851951290105,-0.007919424170295241,0.02550992682049883,0.025511140076391624,-0.10633761933017158,0.1269158871346401,0.06129009979393739,-0.0676831785442045,-0.053581151363911665,-0.013396633475032851
-0.07968685645926245,-0.040947901588393204,-0.02110576228667438,0.21857620150928697,0.16446511921069784,0.07134092088626318,-0.008241751549513206,-0.10455662364125413,-0.10422987435449498,-0.005565577868140324
0.03611098904136236,-0.07767179109815664,0.009025199597249001,-0.030591889606397672,-0.14583793448461843,0.06714264744791633,-0.11910649630953345,0.09484549122687536,0.1088305088997783,0.015708033074694677
0.009137643884854822,0.004193284997426598,0.08537567944320323,-0.10978893077226964,0.038925583206727246,0.03220113992100154,0.08988250148567166,0.04078060311857636,0.029780024359714708,0.026471293476295774
0.042096376674537375,0.0955376812543302,-0.10169546967131887,0.022578316736994432,0.05177848319901792,0.01150432011838514,-0.027168043228932362,-0.097758275026259,-0.02627007649187815,0.24407580994492287
0.00935766276696446,0.0756531095519435,-0.02004516127626475,-0.018914319119775914,0.017247034022440298,-0.06231600829426835,-0.09127435275652608,-0.0752723761792724,0.02679888308491716,0.02472894577537823
0.1348705885699677,-0.16575692800494643,0.005809863360204691,0.1226159714624756,-0.08622858451606241,-0.1697249337067535,0.049964137801493586,0.10954066251755039,0.07775002980358295,0.015340441759166198
0.015489197395419792,0.05043156633883291,-0.10750516258596737,0.10736725973338723,-0.280726260764647,-0.07631336409283798,-0.02426545392999807,0.1777657813481775,0.10841078355004702,-0.011933616511771931
0.005045605358155292,-0.02293648222523932,-0.03185901802144555,0.0495347373362309,-0.09077002453192701,-0.11795812382478181,0.11232864519476796,0.09079646123477528,-0.003735504727992104,-0.09986777059183097
0.0250440482180031,0.011777186642712184,0.1080492661070871,-0.06223010814922906,-0.05278624135118892,0.040043639283874076,0.03702754072880515,-0.11280164337536391,0.12271118204853099,0.019786901327386617
-0.12485862411153112,-0.10062232793703853,-0.05547527829434247,0.04056246065281951,0.02427666892906434,0.09480224808612256,0.12278318007800511,0.11848016040240067,0.013696062819092795,0.1643221615543918
0.018939201966637127,0.010301188755254502,-0.04398125292409284,0.007275527608221186,0.003232328958089609,0.05172014068982846,-0.045108656702957495,0.010669260759829803,-0.035607718605626414,-0.06374123647647738
0.13650232004286242,-0.0949570473790833,-0.025958151734982532,-0.10931370102667211,-0.019577693431985746,0.03577865842904764,-0.102139649634169,-0.07588420935211547,0.09435862280891776,-0.01915727804738189
0.004006929160793836,-0.03003814044276802,-0.09168526048191886,0.07580376186677748,-0.06488888076531588,0.03526414420661371,0.012055067832365256,-0.12401384137604707,0.11029726306513181,-0.05400360712603954
-0.003716935660402496,-0.08058852469908696,-0.049101296429021564,0.009453451261748912,-0.04752117182067624,-0.09447343358542874,0.028628657596079847,0.04072277577619814,-0.01362439312411148,-0.020439910235830763
-0.06600506062525871,-0.29338155865660537,0.035717980035643374,-0.094622130026112,-0.058191553883521735,0.1233935387599106,-0.030304459985820875,-0.031662595316177614,-0.16135956460908468,0.10559703669041387
0.1083595036373129,-0.10304672640819679,0.21905503210119018,0.04399402295130114,-0.030614480662661498,0.004358115512832515,0.1563135058474645,0.06610990830979602,-0.1216385993114237,0.11505763904803923
-0.05707516041148499,-0.0775805827943141,0.06674199820633642,-0.038918255546898255,0.18460685725393333,-0.09126986173556353,-0.15613434705227724,0.056640582771415565,0.017192151618227014,0.06132058556090007
0.15030328986142044,0.043517718557546506,0.07849974258001122,-0.12758132245987122,0.10101810213154053,0.04259164438827423,-0.11450650139663412,-0.0447686848572207,0.11055922060094409,0.21708690067899328
-0.05242809617220046,-0.01753332389990029,-0.008715598531572256,0.014466380641051352,0.07229916654551943,0.06958208372281686,-0.06254437613093274,0.08564792464489718,0.020422052405612744,0.14482441983296654
-0.043474879369835705,0.10612293576081129,-0.008033622122698147,0.021199940872697658,-0.06310393170237576,-0.07539053657954854,0.047515743713374706,-0.20755146594623874,-0.13065378549105444,-0.18789117979593298
-0.014204692625837045,-0.09304769639493424,0.0882257304941599,-0.21384449108115824,-0.08800881744883489,-0.16776906771237154,0.0010295054137283502,-0.04686001672451275,0.03753009212639436,-0.11302711372969386
0.036507198494489274,-0.058302606341775316,-0.10102311463313032,0.072407180680311,0.13634651921962776,-0.04138364216531028,-0.03742119674455158,0.1236455104187798,-0.017718711991750707,0.09369220937666813
-0.04036522605067474,0.04787401383047832,-0.0010599494883845421,-0.08341560552804053,-0.24576949133149692,0.12215480800946131,-0.0929944238132259,-0.02960362986692229,0.05991281436157639,-0.024157768662827143
0.17772504080143248,-0.081325148781168,-0.02408818228045984,0.027548941713442715,-0.11545296396661868,-0.05113512612045723,-0.05568170992125549,0.11532515948208116,0.06537869770059068,0.03689247574036434
-0.012653772060151128,-0.058586218687965486,0.05307452041220638,-0.0035274902480866843,-0.04201292777518713,-0.061434750458574425,0.0781038804370128,-0.05366063321606591,-0.13929598958140144,0.07937092893395145
0.10764879015517786,0.0370891495844978,-0.046182280708209664,-0.07491902557818904,0.031112964013278864,0.06078019862754498,-0.016195077111141903,-0.021505092205502348,0.01671214615573901,-0.0026927324815404496
0.0728965478956774,-0.04074317134874868,0.09905106051531108,0.019680009285732724,-0.03374539870725771,0.036323413769871936,0.002535224649717064,-0.09899088267773916,-0.11659698628423978,-0.05974292077630108
-0.0973741798176103,-0.04034720435662038,0.15344672081016728,-0.22081022421931196,-0.0033929848037611214,-0.049014569500228686,0.10453382776788858,-0.09818025703458963,0.023522876792502163,0.04520350785592264
0.028091271471541224,0.028480637969591945,-0.10367599995596095,-0.010173577315211853,-0.05914111227497071,-0.031537372590693155,0.003848999028491635,-0.005344259228054451,-0.09332821490364755,-0.07926247212948447
-0.01693963614144145,-0.018204753954799143,-0.03460650864062782,0.019796421263864175,-0.0029875651961653003,0.11347358920735726,0.06269582885542159,-0.07014545257530991,0.0014911956085302408,-0.08768900764952206
0.05183288597787019,0.10786788373522088,0.05597900442883198,0.07638637105824889,0.02972243760632351,0.06060717098933742,-0.01712651617178474,-0.03831622767727803,-0.04653872476811392,0.07810534629925699
-0.12812546339384773,-0.10928176463368676,-0.051378906669056694,-0.04887316578120342,0.1335120969149746,-0.14146177713155292,-0.19014870452439,0.08489470818682139,-0.02092930720788687,0.13962259684334621
0.08647468124443532,-0.11799372121635893,0.14357187405180313,0.008421116202266737,0.06721788364645218,-0.12569568369656528,-0.11811913989128878,0.036713858964804585,-0.08305102195337491,-0.10380216930986252
-0.13147970649289972,-0.022745397862116427,-0.06585637296088362,-0.08865879622099979,-0.09773176339907128,0.039655373875248416,0.06563962552561568,-0.09989004101268724,-0.07066040035042576,-0.01305013770749348
-0.041711873311482045,-0.03940942898227988,0.08254290009610207,-0.025071679070813133,0.0039051210164464806,-0.0003940700162426772,0.004142606559898926,-0.10079729184795444,0.03088090222594289,-0.03505374401921428
0.018758060807120655,0.04826255849687005,-0.13301754120204956,-0.15246251381015566,0.05513232653499709,-0.09633600647403329,0.006927729873530335,-0.038173231903685094,0.02065385279247288,0.05353656936598698
-0.07902820669002013,0.05870876109691758,0.019790489434134313,-0.06709586298222159,-0.05228888765176289,0.14351402010803618,-0.0017089073631360446,0.1891971552861934,-0.09889918658949132,0.11469270486381762
0.06423164440339803,-0.050486658629247075,0.011776336716009476,0.09627719022339934,0.04680597689551362,-0.17426965604459882,0.013293589601174008,0.15748917155992273,0.046595021734753286,-0.05978515507076798
-0.10719928590429204,0.02770358185748139,-0.15822501021799573,0.009196092180277442,0.07872683649603492,0.15317284013838423,-0.1695834084301367,0.029947711387601824,0.04006466053517212,0.15919700790241464
0.06627669923396366,-0.12515516685808978,0.1331896747219526,0.11778827633130494,0.03629789614875411,0.0882583886812055,-0.058459962531595806,0.037448080102659334,0.06814721763140215,-0.014052490876433073
0.12657241706877628,-0.028285502584923926,0.07566010295877831,0.21247551189939656,-0.050027787274128745,-0.08998899541443493,-0.07598312251442389,-0.06548502901318877,0.1647320310059761,-0.06005785233300553
0.014563411508698717,-0.07515624851588713,-0.02579590664432034,0.03843798499605224,0.16730260527284743,0.13034012140650464,0.014302827544506326,0.11706687174717731,-0.08860319896800745,0.14478695387275015
-0.10502207067027353,0.05314278761457919,-0.07861091893864555,-0.07728192554252185,0.08435997899966455,-0.033735065406174616,0.014404285869916662,0.061035027648607014,-0.06751621935407735,-0.11517288986709526
-0.06651349604547235,0.07498560663076133,-0.12082498149066973,0.16650975855735953,-0.016053593905729087,0.1035252846389619,-0.02525944455955382,0.047556941083123555,0.06693532259296256,-0.10800173397769114
-0.08298028700813058,0.06457528048578023,0.010646284340191027,-0.02594680090717719,-0.012646258569913402,-0.05111566365826891,-0.08887285079857182,-0.12532694943360911,-0.019884231494038743,0.023415710399067813
0.15390912168313048,0.1497308779791496,0.074984896535472,0.0471809050347914,0.11946170051984831,0.11312318835936952,0.09216273769503147,0.057957833831271136,0.0030293741360501135,-0.06297539873324831
-0.05220438226519049,0.04478813096769428,0.14053345070825196,-0.1910210885497099,-0.10344516686553804,0.0847956982840976,0.11201968209178342,0.13320520973253228,0.012647263547971348,0.14034928470547778
-0.08177756433096829,-0.05896553952123071,0.032491671451494814,0.08192369978343751,-0.034238665913639894,-0.0005296517218113528,-0.08246194868008232,0.09665748783191766,0.029040659686002737,0.05376408806753828
-0.09613752663253358,0.11601051128228773,-0.09610951225048957,-0.05408746679047975,-0.09193207023366655,0.03792300056875901,-0.03909657138261072,0.03276884259798474,0.009484716116909833,0.055011876157294984
-0.13075440588610476,0.03642965567617016,-0.09027592370338909,-0.0125531981992498,0.07926630279718633,-0.1205024366175103,0.040694849952546436,0.15161776478051409,0.02497022624282283,0.07395456148489846
-0.12117209330172804,-0.03189462954233443,-0.05449588684454917,-0.04697261364900583,-0.04026481656494323,0.21281631211217253,-0.0020050530763545266,0.021432910221790547,0.06395604728674285,0.030712316860344327
0.033029962800462935,-0.09076517226385883,0.09275355054981363,0.1593684262940691,-0.0637760364622677,-0.11537516165856573,-0.052829291420896936,-0.06940590974322099,-0.11792357265297054,0.030947271987041447
-0.0024817677561024196,0.015362116568416172,-0.09708121132379852,-0.05486946457128509,0.08327734206207449,0.1628304104015617,0.035579177975589786,-0.07639446711392082,0.0018976356810100556,-0.003455194411034256
0.23171873245246047,-0.07966346087334844,-0.09255418148846754,0.10552882315636673,0.00499360516526684,0.04354583791054954,0.049537476800018715,-0.0788181416739642,-0.08482167016100642,0.05439143295329612
0.07568080898006625,0.016199709019135592,-0.10276803146244573,-0.05383054573354074,0.028318061266910305,0.024175840855644493,0.02947177461964066,-0.014510788427627506,-0.06536399692521375,0.18050304196646966
0.09258624256729757,-0.03470778352362319,0.09993138754437335,0.018668450925582426,-0.23100154888295132,0.0670450223387803,0.015506680206176812,-0.0008557494572700025,-0.1276565389574539,0.1651346955343113
-0.15512756954905105,-0.09295422030549841,-0.011913064936796305,-0.1383300851584138,-0.0070224663315315294,0.01791275059834423,0.06782789292858106,-0.16755781037271686,-0.07658336678566847,-0.03894853821888783
-0.12813175566616747,-0.03070162886389794,0.07297366927356658,-0.04827037814713597,-0.04302219814050501,-0.021148939647697707,-0.17546616379808472,-0.04803048438633664,-0.06904128564879258,-0.09446974573917524
-0.10901742122316148,-0.04402622261229672,0.06150303023305777,-0.06866213711042563,-0.034417762671978366,0.20911509609575807,0.23251275964457685,0.260761836923869,0.023419434811446593,0.04632577758526089
0.10903091341686569,-0.019611767854317456,0.11214782163159843,0.04290671573465812,-0.11744504013055289,0.08418499466628424,0.003194610203583869,0.1344395678252152,0.002016391134061761,0.01442385179662358
0.06745875926959416,0.05433950452990868,-0.2430637527166794,0.22314947315720174,0.003785268369123719,-0.16614806294123038,0.07385148233579075,-0.04152088816068726,0.1422524141463824,-0.06954359284593273
0.033086512286389036,0.02579868717678691,0.07802741058028692,0.043980463028999515,-0.002090526420719673,-0.019153385727441713,0.044182134168521986,-0.000876966150873959,0.05895422331885187,0.03288808025475645
-0.030936392735681325,-0.06967995262748065,0.10072262724291318,0.026783647120409676,-0.04400818228950003,-0.1696225845598983,0.09518263015497117,0.06850403332884643,0.0016332052203923836,0.09962122392951078
-0.01137530652791893,-0.048041440579310354,0.05537915537109151,0.14055089690549885,-0.005351790605311404,0.011204858452681423,-0.06520495465337439,0.08903371615796238,-0.040407467468757174,-0.04224896748184044
-0.0517893890982763,0.14803913761424353,-0.007171051912817465,-0.26159955081274266,-0.03152002719021463,-0.011469218041161303,0.11191676719856249,-0.01899310111069078,-0.06119203304108796,-0.14280730222619076
-0.038008120645146845,0.15957362411557532,-0.045651422699829636,-0.2546288540171563,-0.004102887422087406,0.04011350279640342,-0.0026377717585548063,0.07272350894983065,0.020087827033732727,0.01681276582284232
-0.15883898023322346,-0.048815629895930926,-0.030455735893909597,0.021421157566369822,-0.1788155912777037,-0.06545466239645571,-0.056972135095754335,0.07045635206838506,0.12571778764171815,-0.033270943212630896
0.09431448063659534,-0.13105173209191742,-0.02265722659640844,-0.003400649343645118,-0.015830860047504707,0.13616682778853637,-0.07279442152646208,0.1190120451827694,-0.08798211489450748,-0.12199298440869213
0.12195328328967273,-0.019435376816816435,0.10314680798995923,0.0004924184239707245,0.006551528300495539,-0.05768062011254327,0.055463756340702414,-0.11304470381570444,-0.011030105301254034,-0.048692114008943854
-0.01854924547362105,-0.20987485777519246,0.004818499733678294,-0.05856826420504917,0.04689767903356245,0.12006217452194524,0.03403143993777413,-0.09345132079515331,0.07872147193044948,0.003547633898163887
-0.09848003562756677,-0.11275775293278298,0.008814094378942209,0.06792124930496082,-0.15217092783090497,-0.022539630690802937,-0.14824187597188004,-0.0191127196463977,0.04811815974067393,-0.142502479042217
0.03547736343197926,0.11717875301476555,-0.13647968866266497,0.05907869880954424,-0.11239156833472566,0.09438553551851202,0.11955906599972373,-0.00045960191071026113,-0.043708421812136265,-0.03370093362141734
-0.04193082000340405,0.0321614767783565,-0.19106372484438341,-0.06320553439774043,-0.010717197785430902,-0.019664346118922274,0.08903015505743019,0.04438595816079515,-0.10329348640869489,-0.055905699630411816
-0.03364130007593802,-0.1280785739528836,-0.1009660884495846,0.03052207669891707,0.04913247381665902,-0.07808991352538544,-0.06182121530584514,0.14499341869232174,0.15145253228740158,-0.10146261821483749
0.17739495594166343,0.14384970233416788,-0.13347814288564114,-0.13824624309993433,-0.1212635536082932,0.029846492605659553,0.1821631791577284,-0.11016533403018704,-0.01105271363124917,0.08272656891340806
0.05795547718630985,0.252714045580165,0.16127856794833834,0.16987081546279564,-0.02423139344473555,-0.06266721310331323,0.014420123230507308,0.028937142628280347,0.019136664653122835,0.03674060572739985
0.004076291473417287,-0.12998964935397783,0.1765258835076104,0.05039386863131326,-0.04588520141377907,0.0004954986132826231,-0.08223407746894418,0.0073520409255039415,0.05327524544706732,-0.0891675734160366
0.028660177852450147,0.02873230970459207,0.07160259173900123,-0.18174788572179168,-0.13470602513719315,-0.1123176643643317,-0.09955664002916571,0.07751730857220661,-0.06597106196321634,-0.046848481009763326
-0.07810110706189329,-0.01716657583714253,0.010697375021957348,0.028855616124260325,-0.160381188141374,0.21867993663159768,0.03046210810314256,-0.08688024353168285,0.1349675091085959,-0.03927916297603726
0.0541134036281907,-0.04249844029463011,0.029531754707769624,-0.04439783850448595,-0.01129986637366924,-0.047679376826982825,0.0016263790679058301,0.05900096403920604,0.04198460211865698,0.13262739177899902
-0.03280668467989482,-0.10522057984011807,0.048622993962889244,0.031035012854723175,-0.12399947455318153,-0.12834417827797512,0.01949048835444178,0.022809282082703386,0.024175810822569622,-0.13842246876873285
-0.16618558052546398,0.009942470717963621,0.00037486290507800224,0.03375356036823274,-0.0050208218164114055,-0.15898328699049236,-0.006684076452011963,0.02945626989053192,0.06761488930319615,-0.03372315586765928
-0.10733326659365489,0.01664052665269393,-0.11723120674809939,0.00376140474944342,0.046085496357368166,-0.04788194762630875,-0.013972871869606602,-0.026215774833176317,-0.022024665875970875,-0.13085247897416638
-0.03716110201991451,-0.021990107199867548,-0.059996935458475474,0.10485856952945023,0.1837415429428182,0.0848521556252432,0.07091071200573039,0.03631070110427688,-0.08682261118636528,-0.054555219945252295
0.15627565470322377,0.018354032802995794,-0.06365569308915217,-0.0037119896607306774,-0.029798685949284122,-0.00246757969655053,0.039055193564454097,-0.0269692913117417,0.13157367682627816,0.04395730733614373
-0.04204411443419365,0.0941703710809194,-0.07448049419047854,-0.04344867298547001,0.0813407420316974,-0.07827299331881964,0.07366596306926915,-0.10802196666732045,-0.11628723225146154,-0.07226778969478706
-0.06764591604947597,-0.10642508392229388,0.13160112509671798,-0.05884628876066053,-0.07151836007316863,0.003875146830786186,-0.03527768345957968,0.08225027405184322,0.0469199257924037,-0.12488727995222332
0.2704071690038952,-0.027678265312858382,0.0059771139794434144,0.05332775340701859,-0.01865264522715855,0.071870228613236,-0.02729753758389758,0.04468375824880125,0.0899197123889614,-0.07587816277120273
-0.04455424300937315,-0.022156243147792055,-0.06439415627674261,0.2127458527082119,0.06339826767244712,-0.11573983457563458,0.000957111058638091,0.06461097802310053,0.10885004438599456,0.03203549705023282
0.010057065377270028,-0.03175538911751053,0.009990748729200437,0.03303895790433549,0.1270480216622482,-0.1040158293097707,0.1111489578826542,0.05260354883767356,0.07042720826508804,0.01681340661726359
0.11171582473264562,-0.09129813851170031,0.000855995391849905,0.08951078784694148,-0.028670076718529246,-0.01361127530404388,0.022628541057152188,0.04379614663020881,0.10482021298927145,-0.16762598028932177
-0.03314722231062357,-0.10234420190595725,0.11506021627496862,0.004921325654781844,0.08725931985965578,0.09760953278462903,-0.0530322466576988,0.07533754888072426,-0.05697407336105826,-0.09299242699643423
-0.06491923215831685,0.12820035792167844,0.00408576555478133,0.004200219180537562,-0.0553685963003976,0.012229368059801824,-0.002269689247690318,0.16730464885691104,-0.08871103376316289,0.14669402577706345
-0.0879740057141913,-0.0005700121134981154,0.12315550869591604,0.09836113516494921,0.23713600392428033,-0.041662881263533826,-0.046253054564464866,0.12676298984575263,0.016280702319718208,0.04942310283123292
-0.006584177339892157,0.07456860446119297,-0.13064068341251692,-0.0095678196809732,0.01611149655644595,0.09670026492705341,-0.0625646034709211,0.06841821780449191,-0.18977104337414075,0.14342616398575941
0.09303540623550277,0.06900127264807122,0.12837118926524593,0.0365338767232832,-0.21414059409229858,-0.04375852343036187,-0.132623816017607,0.048399242775047896,0.0871819723725899,0.0387974402788356
-0.1859750751437806,-0.06204872181828494,0.10313523274968059,0.05956012218928676,0.08625312893185796,-0.050380661260576394,0.20641247500151283,0.06868659785251875,-0.08069494813393908,0.048514302660049094
0.03262190081189828,-0.046924649837561255,-0.03296007790517045,-0.3137688290837397,-0.09095794898713218,0.042018297240740854,0.053793119848421424,0.040871124544252645,-0.21011688967909628,0.10972168683847137
-0.06393031131589261,0.1487595517331728,0.05300403221371677,-0.05706478657712267,0.028698653128003154,0.01986712585116521,0.03560100442061619,-0.03103884820652966,0.08297966749418417,0.045540421830543146
0.007805325004314665,0.14681085246212522,0.08299115081629366,-0.015679755369427825,0.000826203517459578,0.1374324255846275,-0.04592745363070927,0.05230365247178878,-0.0015775207954052163,0.03263981271830703
-0.09713157365303567,-0.0508709664654355,0.04624869693184195,0.023828739845708068,0.15520481078949883,0.02723957829589146,-0.09142047656486715,0.0882322456180843,0.09368795546847433,-0.08236112331620447
-0.13708120883666064,0.17604423492860172,-0.00757577107603762,-0.04280476161967066,0.10199547499121908,-0.12151848025359518,-0.09185423305050822,0.0789778614741607,-0.0017603202227039864,0.013178857634274448
0.03042513888529083,0.035392137573872634,-0.04374453692756976,-0.09634119010750225,-0.025074392465878316,-0.08035390919654596,0.013966419920277688,-0.00859765690727669,0.08450803688330281,0.02093448827914817
-0.1336529676853093,-0.06407789267876215,0.034035988835807045,-0.04343590539706327,-0.0670336621967732,0.02625958514448161,-0.10296656526999233,-0.036347118531685006,0.005310085826269637,-0.08953748559352329
0.1188923466574697,-0.0033346615622839026,-0.040714094535492455,-0.04348996431966587,-0.004401598007305892,0.1330713932672806,-0.06920524917227226,0.04385843965628775,-0.01546570660082439,-0.024309148579961096
-0.07121891069078494,-0.1277331974275957,-0.11449067286085785,0.006726116461689307,-0.08891470180004138,0.15404695509789898,-0.20439703692570244,-0.17751590992323707,-0.03430229144011674,-0.037191196603833715
0.010425763720828707,0.10799083656420216,0.06209429051366534,-0.005491974311828648,0.04522766415225965,-0.10233237701790582,0.05409393437639708,0.09641731026458786,-0.05852072382803654,-0.1628986534849041
0.08782639420599563,-0.19352823394977808,0.05028544437373915,-0.02408697049364493,0.0803303173948736,-0.009215075934416016,-0.26097301081491264,0.04938092804909682,0.06803226427727423,-0.023723374408880282
-0.11597211928278249,-0.06534572055740628,0.15786932422126315,-0.09171472817296555,-0.14724582287259147,0.13546443465119784,0.11195325561510464,-0.05336772019896773,0.09660871291660564,0.11109819518634473
-0.16436096825859764,-0.025457672374032805,-0.20014429079882212,-0.026499051123644132,0.11491531361484966,0.03133384441373166,-0.20106004041848619,0.0006785277445686555,-0.025278243265711042,0.06931993282080795
-0.10952720500291725,-0.007109660554950997,-0.22846024452658514,0.004946256485144518,-0.07066642209225711,0.1169705018993584,0.03714007917489588,-0.04983789110492106,-0.004851625476254798,-0.08830602040011992
-0.02694048284095702,0.08267570844966202,0.02760998962134799,-0.0625276191339509,-0.14513715031446128,-0.12192054566332337,0.10235340237824005,0.07920171965007347,-0.1031955420214406,-0.04513586678919121
0.12224018125089398,-0.024652379421448257,0.14422563359399415,-0.07798368566061839,0.01095220182407848,0.014680669061790781,0.05642556606998464,-0.06402380308424988,-0.00650863007388966,0.04193213722598471
0.017263511255020535,-0.07673588277121307,-0.07533655881502266,-0.13371845744343835,-0.1755551886510737,0.03844468197034826,0.06517069286733432,-0.003995824329286565,-0.036857141789310634,0.07982851781490054
