V1,V2,V3,V4,V5,V6,V7,V8,V9,V10
0.44129313073055426,0.3357395032794968,0.5736219155226628,0.5059755337280872,0.2992855119815874,0.586026326936973,0.40728045709099886,0.3584432591891702,0.36043076845154226,0.36505427627206716
0.004974148087511333,-0.022058244644017906,0.05843292921013534,-0.027669715895032008,-0.037727648059044355,0.0015634888941061065,0.03021845634981361,-0.023633875300407968,0.03651761589345978,-0.014181500176865685
-0.025287698018175247,0.04556805459909509,0.020846341423327534,-0.048527830820359455,0.024015831616823316,-6.454527672319063e-4,0.028213384689876015,0.023327306019422702,-0.007992495565179968,0.0037033482632339624
-0.005343375995801601,-0.02092660410343705,0.012929151919407503,0.006776124685184399,-0.07301397714153626,-0.03246769213746441,-0.05497049269923353,-0.021454017561071605,-0.03457831327426524,0.030190428040244893
0.0021128846229748937,-0.02876597235259212,0.0050265565010791016,0.017988218035055282,0.06517223822859582,-0.006122717638991283,0.02041945781390936,-0.00932912779709156,-0.014071895172251377,0.04791169701192276
0.02422720623606993,0.010465786269615753,-0.007766644610914365,-0.04011524680923784,0.036215062928660904,-0.042974165884783526,-0.028590443040507556,0.00147927551062718,4.673057531470604e-4,-0.015159259627831882
0.05302396816092156,0.0043310282465973925,-0.03001176475426491,0.011623136527673791,-0.03357577453703114,0.004035445059885275,0.0012971488281200755,0.018320075668784654,-0.008498519348944593,-0.0323976398774807
-0.05050118199615035,-0.028439738088300012,0.016343274137439422,-0.03144434107666113,-0.0017312767660231077,0.04900352523057208,0.0424879729997772,0.05125981700751699,0.012796407374309227,-0.010441303273596242
0.03999515507255977,0.022713458689479372,0.014277423749837488,0.017377528429832135,-0.011544296643309606,0.02442714966967042,-0.01870285113913718,0.04918504888853683,-0.03469951900015954,0.012382506689742221
-0.026202972164365748,0.01568358405785205,-0.029816904906752442,-0.03144220104223949,-0.03349713053650341,0.028358861455894665,0.06731247560807715,0.015648258677616135,0.0560041435951716,0.015085049244890552
1.657023509134426e-4,-0.044630252872426925,-0.030659280509726224,-0.01690474778624289,-0.01196706095456907,0.01902535761777132,-0.007049835491426713,0.01213938825000821,0.011007256438208435,-0.012856566036919516
0.010826599017893472,-0.013859620740682426,-0.0424072610228606,0.029537075146261513,-0.04050348151069169,-0.016848529772938024,0.044513024868904925,-0.004237720278225531,-0.011502131433445617,0.0044867619729467775
0.02891969117431957,-0.01613342591153629,-0.040455450953632774,-0.0700626559567775,-0.06749984394254825,-0.06395163530107019,0.021391116027462423,0.0075825848590803215,0.013789915567405095,-0.006234169518570118
-0.01164716531539252,0.014793618417783526,0.05156304836043588,0.051259592904255025,0.015906722152346807,-0.029852318883601344,-0.019981612963534328,-0.03128136819367683,-0.020081881475931485,-0.020837121514506746
-0.00381935078193928,-0.04220476445676116,0.00767822866706232,0.028844250747788548,-0.011745437697391456,0.04748767147629703,-0.04570858888370191,-0.01204792803594619,-0.029003561942283915,-0.010916703446354327
-0.03337744732689748,-0.01657210003404437,0.03361834076524087,0.025919622089437176,0.0072125366688562675,0.005653017307037106,-0.01925406474662113,-0.04835952007981741,0.010445426193551327,0.01442690493847809
0.008072668378235075,0.01911930223074178,-0.032910553848206514,0.04175156422294876,-0.0029454311691612905,-0.0025810190468224456,-0.007355867749071319,-0.04158451654550084,0.008394864507192179,-0.023717215726511462
0.02235721246738155,-0.008669836226271424,0.002817110447075463,-0.03647333752348114,-0.008067257118866402,-0.015399138048856443,-0.02353836855719836,0.009678353370689112,0.012769989380508365,0.005263643351303367
0.00527867291901713,-0.02668541952148691,0.0186393984813259,-0.019104919563355957,0.01885680820087223,0.0028391236736136907,-0.05283700820087631,-0.0642415203869178,-0.009502187850602426,0.01213654234085064
-0.05237458574541961,-0.0913768931694667,-0.02298837844366264,0.04395678084094367,0.01719476156958818,-0.03045040602294177,-0.028327248679378515,-0.007611133531450276,-0.02806977899474348,0.032330428545442574
0.018831981599419064,-0.026587960839646176,0.02828417817621345,0.004699606991518111,0.06486920109662345,-0.037010900830106816,0.03395454081153721,0.05622944569299652,-0.04652189589853423,-0.03378903506670604
-0.017710962380870825,4.672877538783113e-4,0.025653952606834528,0.03578306145115494,0.01587892294073239,-0.040233647262377825,-0.01249178219347256,-8.797918657096662e-5,0.04332309789867808,-0.04568795473443011
-0.017587001693240498,-0.010666014396647187,0.007861629773836485,0.011132582027950344,-0.022409297539244744,-0.03198348985036549,-0.009925043739553194,0.0200159336560133,-0.019466548536626507,0.01060538845374685
-1.827448277084833e-4,-0.04043600037643769,0.00447568522369103,0.022284076412332172,0.029279849200959374,0.02547227595751711,-0.0455809455706263,0.016570474266588215,-0.002705063159423,0.06897807256985085
-0.02210966576324062,-0.006492269499438424,0.005442846613378751,0.037523007976833875,0.03417698430631676,-4.202505820762409e-4,5.005904948872053e-4,0.04292176484863479,0.0029035956462316703,0.013585332004343606
-0.0061259546102009465,0.018911112711804966,-0.023698918728156965,0.013377915321581295,0.02110112726441571,0.030890572766521737,-0.006864898632132776,0.0016891493743066493,0.017579116078320804,0.018432637850239124
-0.05010898548734781,0.0017991146287256498,0.0012138763399655642,0.03164996659966744,0.0417350513296607,0.05208140205779648,0.0057969467338785195,-0.022051032978317207,-0.05971014882315636,-0.01846144246763533
-0.02830505908810183,-0.0236531096221992,0.011532305905039102,-7.567372735305669e-4,-0.007815349451291182,0.01810957695660134,0.011616453987048109,-0.013695416912666302,-0.003903667006134772,0.00870731353565621
-0.007873390430394867,-0.04418722032346379,-0.019177478485612916,0.06762870869006785,0.01166751323106317,-0.03364442507141466,-0.05934848172440025,-0.012636443570106029,0.020802061351982783,-0.021762555031417132
-0.008071889316513016,0.03833250948521365,-0.08610983711202674,0.04002872844455898,0.0587381032994196,-0.01779669592384003,-0.03326267214565265,0.03154637557933724,-0.03956067886686093,0.0011207146164113862
0.046317312073937085,0.03444947043778931,-0.0020031987157287587,4.671749365204672e-4,-0.024946935650608508,0.039440294067756586,-0.004583703719799205,-0.021246735869255844,-0.03220816557896619,-0.020767344777798243
0.004297040849837155,-0.0297003121381635,-0.03317369177678784,-0.018258955605953385,-0.03330092596317001,-0.03441578454865694,-0.01296305204103914,0.015751153155136963,0.03806807888461366,0.02437586565282625
-0.005982844935785986,0.023257582829876694,0.041645535097484615,-0.01785879244155052,0.0018718117163309944,0.011066455622089452,0.02747360476125481,-0.025153858069025675,-0.012350633374102308,-0.009903157493160782
0.009700063741718494,0.005708867625908419,-0.007069928647612959,-0.0540971346902373,-0.002590353664293718,0.050613135083185205,0.023049039039398422,0.011659108451198889,-0.00468306168560421,0.004297092951595852
0.022638785400023245,0.02793578084173184,0.004813449618638988,-0.01728509677254575,-5.483865363487851e-4,0.035668490744901755,-0.01264653534782147,-0.05370726566775895,-0.011990975063424334,0.09303748219348804
0.027520935610678032,-0.003176005890673083,-0.005589319058242335,0.001989975655282747,0.04843215763007858,0.0013903222162708836,-0.018231407247957552,-0.024510866690885928,0.03323787967727441,-0.04226014685212314
-0.0010070631045877357,0.017559492966088257,0.015590762839686273,-0.004242127576347229,-0.04146976489644763,0.004591498016282072,-0.03706810341803168,0.03351719454706602,0.02988686012461173,0.010087002422127898
-0.007740135905598626,0.04435564007860486,-0.007979789021616926,-0.007742107637084852,0.07504940957277588,0.010192524847842674,-0.009895263609888547,-0.027111035599838046,0.02821577466109699,0.007487130378372898
0.02755193643532599,-0.012104154184648263,-0.031519044561038656,0.009221137249465656,-0.0051396379234309635,-0.004093749269454835,-0.00657640301908304,-0.013346087949452,-0.03385769850663167,2.0250387739621705e-4
0.0210506582682748,0.044996695929962534,-0.028316818964400095,0.016579173913878704,0.002092097608588299,-0.0038308282871066584,-0.014475507748818279,0.0397272400185525,0.018753622155081542,0.006466895037930416
0.07363460636056349,-0.03622703890105176,-0.04448683442321568,-0.049094689858302426,-0.009635628355164487,-0.03351235606970549,-0.03625809885572885,-0.001705372996297756,0.055006839629164875,0.0024621592405353818
-0.0016368036285322836,-0.011742071477307848,0.028910163158240233,-0.01435938005369376,-0.046320096091899236,-0.038472204801527715,-0.02986278812684572,-0.014148956754464698,0.04205410499293977,0.0036799079855846426
0.011587784772275306,0.018058751664816058,0.019169065993111165,-0.005839025703440893,-0.01796163252349366,-0.015580993381525958,0.0010306546027174326,-0.013187067773603718,-0.03254319836363773,-0.024157669574543048
-0.019711670697003334,0.02635409018888879,-0.010492660589635647,-0.013751253535539555,0.05871577282827254,-0.029532778659615955,-0.011016005019307416,-0.006546103535624766,0.008470297425901904,-0.015821179614270767
-0.03129271589636349,-0.03347500143618506,0.014958165330767251,-0.01036473462096941,0.03383245650866632,-0.014163206214127266,-0.03430971337246135,0.042413276488348764,-0.028483308034439117,-0.013408974621393658
-0.0498685811928366,0.04094964938549259,-0.03935957005379976,0.04736373039987155,0.003942345140552918,0.015177279525405521,-0.06213569151811548,0.008298789796270998,0.030209005218258138,0.0039916861673256485
-0.009438729191977822,-0.010342831890180128,0.0013254969474808891,-0.02827439819316698,-0.006498885206922131,-0.01568304946556046,0.008363525357855513,0.0054943060895964735,0.04307177245767969,0.04088080147006421
-0.0011838707387847815,0.023385000347093857,-6.072094560008376e-5,-0.0026314217801588157,0.05008197245130204,0.05254528275757545,6.0481243772016e-4,-0.003922841603455208,0.014643289029120831,0.027284724750287363
-0.021065644973717202,0.045077335404000066,-0.014207227131475333,0.03603688533621651,-0.01216564957792821,-0.03652025985958782,0.013311099216869035,-0.010366772784170865,-0.06861654091943233,0.02879631761651841
0.023757024468456726,-0.010400445789557204,0.025198273752134546,-0.03396675031786782,-0.007368789009823938,-0.052444165009136526,0.012126360958384414,-0.016427175901298892,-0.015618768491176221,-0.004960144951760395
0.023719669962935,-0.008416225348446469,0.051410345988107176,0.015396291057804906,0.00893888790356101,-0.06744587214943265,0.026331875467580187,-0.010970783269385725,-0.005379360898059543,0.0019362191689742505
-0.010064056128842999,-0.00780677066646455,-0.0020418922321891984,-0.030525246986369062,-0.0022144441885188874,-0.03491027942390461,-0.006708810944049122,0.031102710558506778,0.013727798980874489,-0.012042248470645606
-0.009936521979030014,0.044305245785089584,-0.04652166797530696,-0.03072900575531086,0.009161764029049165,0.05710501880384738,0.019709298052454912,0.010457939255820151,-0.019728844486015196,-3.865405384200593e-5
-0.013856010399558985,-3.656226581071344e-4,0.0029223146681454006,-0.03731470448657169,-0.015470091186546825,0.008579689497214773,-0.010898298915382753,-0.01009789952020291,0.004370793669818467,-0.014527253111675308
-0.04963693404542109,0.010475392208809319,0.015658653560267584,0.01396367099341378,0.016952563798536588,0.049834418754031315,-0.01107105843638205,0.04788552429503041,-0.016636024295588327,0.011249326924870802
0.02571432534465159,0.03104349328000975,0.052704595937414694,-0.0032550480742839574,0.05614967170849111,0.018688331719427798,-0.0049060156472858826,-0.010381340414587947,-0.010015947084712437,-0.006289308032550401
-0.02241379425431523,-4.593367177384406e-4,0.013655687855064573,-0.042904941632759666,0.02283344961922816,0.02039264329304346,0.014028676963504596,-0.02675915655697544,0.006449361344644454,4.966586177047071e-4
0.02443910858390464,-0.0016779197440352385,0.05324042193711913,0.006680248775367916,0.04857779744689173,0.028027791599440858,-0.04379653417864245,0.017464324294260935,0.008331567454753204,-0.041937906925054544
0.019729760233242764,-0.05684743061200442,0.015586299682401735,-0.014762706450894609,0.021051786885334132,-0.02588206682957093,0.0060388114327537675,-0.003990228782111123,-0.026586046017216463,-0.005017876558146069
-0.04315043739936866,0.01171621874272373,0.0016958526373641995,0.014575551776434064,0.001652768200066194,0.014041398854910807,0.028049407705973892,0.03521186400654344,-0.0027197939129038596,0.044666314515162356
0.01845746402206123,0.05637643726800422,-0.008160269284264427,0.026131992764608813,0.05521216817621225,-0.0011750032174574626,-0.02593606498141511,0.015360612970504749,-0.008746303800714166,-0.007500870232443296
0.011160667001390345,-0.016359442052142858,0.009461689980942179,0.03391698278140919,0.040372447627446746,0.03391439639630114,-0.014294662235407535,-1.0872269281315965e-4,0.008809419346536942,0.016669519430145913
-0.0067196438364984104,0.007115282615078058,-0.00661831209945116,0.001185419516355819,-0.009274607080465895,0.01466581922669398,0.00957594387070014,-0.03206014263468188,-0.02480239305819272,0.08038928668878287
0.04035375487777339,0.023597697598575825,-0.03476364349851305,-0.02859192272903652,-0.025082984136123525,0.022401262596205423,0.0549198123120694,-0.07623977556751357,0.024670982187179117,-0.011158998487582773
-0.008311683884585815,8.044882479359212e-4,-0.009992355814298718,-0.035490502957048066,-0.0062907187368476235,-0.00670767093771848,-0.006883628939209893,5.942493701307945e-4,0.028827865468868657,0.00906921361750386
-0.03000130577128166,0.024132970468643232,0.005241546375612326,-0.026860296439728485,-0.009896116006335973,-0.004553333869650997,0.02015239427651926,0.02702984352574954,0.02947193880591853,-0.02932949912269021
0.009214164923981336,-0.0363442540177274,-0.006489865706738485,-0.015854375297126543,0.01099559141825292,-0.014019022201124637,0.046015094661539954,0.041366391872165946,0.05864806886433996,-0.03592260625010338
0.018966298045393914,0.05321983272226845,0.00630839848296705,0.03241910163565143,-0.025959080408778035,0.027363327540156652,0.013897866991391958,-0.004262916760959161,-0.00790238665542189,-0.025971810979407706
0.0491923353643934,0.027954294349958036,-0.017578628469448167,-0.0239683932281085,-0.013573862811211623,0.011044284185150681,-4.5350348021272295e-4,-0.028865511014987837,-0.05589979367072414,0.019697800228039058
-0.00411819277986365,-0.04883580741954648,0.0524490599018554,0.027496952060541244,0.007631185415451661,0.024231574337349078,-0.016724579771443007,-0.045734938569434336,0.006240876210222114,0.027663399173134734
0.06268955654977071,-0.052753714512932544,-0.04809062865230954,0.007331779993553763,0.02990832761803864,-0.08884564373424887,0.055919750418880455,0.017852178595377275,-8.386513283787204e-4,0.013360367833848759
0.030971136070432625,-0.014432758858979641,0.04762940473025506,0.023229918428958045,-0.05692011903976234,-0.03624759827061696,-0.003597499540352312,-0.0022125948375062467,0.014869380446161753,-0.021421619166223496
-0.0114575553018419,0.012397858562136543,0.016543934046240355,-0.012685332415334155,-0.0019176644371379742,0.0051419725352337565,0.026626168783427592,0.011840848067338346,-0.024010156482184998,-0.03630573647958442
0.01767070536103751,0.0021536559386219,0.06665439990088046,0.024544991448005878,-0.01903775169387849,0.015869335597850583,-0.01132757501716678,0.014536808619695859,-0.03474025111289567,0.006500064582958415
0.02666226771022181,0.01236234451411312,-0.026684072239492186,0.01338907647784631,-0.0049511596737337096,0.0035387259700228823,0.0014421461816537023,-0.022130383553302782,-0.004090816057418241,0.00939367637841245
-0.02246113601379052,-0.007817861540130493,-0.03480777357097837,0.006000099679226308,0.007869227696492937,0.007728121263877197,0.004672977922922769,-0.049327311823010464,0.006030801676929912,-0.015501558855599713
0.020610678882910505,-0.004246206195253732,0.025147681791400405,-0.010176116878253344,-0.04373423833508962,-0.06642625614391116,0.044730166935626925,-0.020555515555378195,-0.04323721829477268,-0.020515772109035567
0.03061283190651496,0.08160270008168016,0.0187953821565002,-0.03489805996195686,-0.05184061334772422,-0.018900914208865305,-0.031646801110360084,-0.016407544018560236,0.019486699162846646,0.039811609342176695
-0.0359401078186237,-0.029040064368022565,0.020585311983284227,-0.008081924406416634,0.0020082942028948328,0.04793312112034581,-0.02640278845245069,0.04553929283812338,8.188952283692811e-4,-0.008616058110575362
0.005968155255693199,0.057003860110856196,0.006864659842785347,0.011823109874084328,-7.742263822200563e-5,-0.01011854029045532,-0.020865994513011334,-0.007503706307676445,-0.029313403262939186,-0.02398984346088953
-0.021542137924603737,-0.05449055929638707,-0.06188917971562793,0.03838572264253062,-0.010556584951694403,0.02069803934788516,0.036357816037510836,-0.03713836891703904,-0.013875404041659174,-0.05416895132072957
-0.007468776299616569,-9.986188396172836e-4,0.044842279164894173,0.00606083646582352,0.005243453531540373,-0.011005901284786368,0.026990863020371597,0.016685007431057722,0.018021053180549827,0.02443884966296701
0.021610579042354677,0.05120477457403458,-0.00258851931491687,0.006154316296050983,0.09838840576729556,-0.026395172409249133,0.015642414989490813,-0.013371514013561589,0.01814913484344505,-0.008212085138693061
0.008394240466219047,0.022962120438099982,0.003868727712579284,-0.018624213874026223,-0.039882903523175445,-0.01927782789314378,-0.018896696689967036,-0.022564880449588404,-0.015923274327244157,-0.02990651167151578
-0.004825354532251558,0.01935150612063397,-0.003022075796853441,-0.03172912740013057,-0.00968973952639931,-0.014138380753042036,0.0193380348220702,0.007666989699457734,0.014093283719226484,-0.026786891477632867
0.018768005918614744,0.0018770666687914965,-0.0038583340992232647,0.019943878095316253,-0.0024984955681318995,0.009095622955689513,-0.009615571298545268,-0.042764039083031495,-0.004074781141532996,0.015047207075190704
-0.013425936031374286,0.03649266373227865,-0.003457010813259037,0.048839455284230254,0.0014037713941569324,-1.1577770539973203e-4,-0.01861338997413151,0.0023464501007755684,-0.008338426992419346,0.018122190225499782
0.030750626251799404,-0.07789160676412853,-0.03826381023023358,0.01144511952202837,-7.937036057891095e-4,0.04120915525718532,0.017144347429012594,0.006855302515888425,-0.043221370568477635,-7.511338214907881e-4
0.0019621409321749455,0.0049596172795796575,-0.04037837917858074,-0.0037378439389714494,-0.012883468971248735,0.02110704103556682,-0.046732588056196685,0.010535600227424549,0.04156652241938618,0.02128532733052484
0.0594018020894895,-0.03622799961293574,0.007439541434006326,-0.03432940158025857,-0.006863420649546909,0.010526597485714587,-0.012039231021043184,0.011232282347211495,0.002167819620789451,0.030418560096813516
0.025365257105629778,-0.019710353438750928,-0.0963277727626123,-0.06323378465324717,-0.04295848366761431,0.006608139575826084,0.06014572277399567,0.032652037892710394,-0.013161584579922036,0.058031280508983776
0.026927670788908738,0.04041923115286847,-0.015061347106297081,-0.05710048506736372,-0.007432999421530766,6.807090977041172e-4,0.036447214061752706,0.0023449261823982057,-0.015389498898407045,0.07235645489794582
-0.011844709645809644,-0.023774060047022674,0.021515686151890513,-0.037668544936986556,-0.056002679870199516,-0.03688137344167119,0.037699591152435416,-0.04760791171154521,0.009352400114036284,-0.09076763476189877
0.006956449287376204,0.045427641502355516,5.654122699455288e-4,0.04900991489948158,0.005117456615249032,0.04158271314385878,-0.00923948422369043,0.027279409167848358,-0.014035188933345846,0.038373112208292134
0.02728533505350255,-0.0446799100922722,-0.059310615336825176,0.012785226149169056,0.0013668645306415626,0.05290318167754963,-0.031977204651719424,-0.03381783741779989,0.020620598301910126,0.014826232654642384
-0.08144170416277016,-0.028381389966582637,0.0264194405827274,-0.022885689562718463,-0.002264598664527801,0.012668405438103875,0.016868796069507593,0.021779989914362353,-0.0011984541792113453,0.011469913221123116
-0.02240784110306929,-0.00920447211721581,-0.021413011944119,0.026233344938406834,-0.03122345498831318,0.026567649535806,-0.010043439512448864,0.015745276476747335,-0.021268148436054537,8.574732242336248e-5
-0.01763330181645206,-0.012626329238022132,-3.640667002411112e-5,-0.012118531182140967,-0.033891083322040945,-0.012544106328755725,0.03101069920269193,-0.04528172026672004,-0.01838135804715582,-0.04795862511043116
0.06227532483656013,-0.003278814048216162,-0.042832174428573365,0.05399913947907279,-0.009548328440645314,0.04071732820931689,0.011151064535968128,0.013843932039936077,0.0027090179323106924,0.012277568342978181
-0.051272710854033114,0.030633600999116186,-0.012067059268554331,-0.03250617669708476,0.006200508887772623,-0.06334594677961834,-0.04247953176283885,0.028061182391202134,-0.016788940349037475,-0.0024328052093312126
9.305762981860248e-5,0.0030806067044605754,-0.019602962137822498,0.03055171653547825,-0.03353650359694461,0.008882301392606382,-0.03404438898158482,-0.009514672401540908,0.017497256938813863,0.016462480413954348
-0.04266363133506952,-0.04908121525347659,0.0038573874290770316,-0.006964636597102815,0.019449980479139376,0.024685294333497677,0.027102653805930264,0.002523741905593179,3.1653744190623565e-4,-0.01969753192910884
0.025351310025468057,0.02773273434576287,0.024936370372594184,0.010628154861263887,-0.030676070561412704,0.024917355455252043,0.004621345291137445,-0.0028371467592625804,0.009964847776725318,0.012635259083399599
-0.007489859014147371,-0.009952701550171843,-0.024376453775773674,-0.038940218108719976,-0.04492855709077337,0.048103442097713216,0.03455210118166801,-0.02276128673356687,0.011893824964796438,0.012121474994026916
-0.016628201335576343,0.001741913377025579,-0.00438537851318985,0.013102923790686612,0.017697672963614276,-0.025804643559901908,-0.012409803432132712,0.023275100584620567,-0.009127837516334952,0.00670794255552205
-0.04295569931047589,0.008648662601066762,0.00846146561574595,-0.030324707231194663,-0.018678082108394178,0.010051905122066856,-0.034850509503022604,0.02335799115757708,-0.08472027142369895,-0.02418029772780859
0.009989984517098588,-0.028074414004664185,0.021381954291419796,0.010997810328427303,-0.03569245263899038,0.004425354218987561,-0.010449942711178242,-0.022824613058845655,0.0074493002230665555,-0.04029702886943902
-0.022536250645849958,0.035229357043789905,0.036711920485791465,1.0006109915799044e-4,-5.515920549473992e-4,-0.004627244079252697,-0.021112369641141233,0.04166517103026946,0.06667588647827549,-0.017935010296280276
0.03938896875193999,0.02750042098734277,-0.02925318346660848,-0.025691509306261993,0.07124631599552157,-0.009628623343634849,-0.01676068280916943,0.0650356863008961,0.024704621604810715,0.0143473299932111
-0.02815090399300293,0.0466432647575737,-0.040518623582356965,-0.03007885929063696,0.03434053532584944,0.025238704597463944,0.024394936580138728,-0.021842487988770184,-0.0026497927050809873,-0.031087166796383625
-0.00671521589657393,0.012209298108768226,0.01348698186055272,-0.06791311898049864,0.06589341029154987,0.007869406508359015,-0.010468364197805346,-0.02686073594083507,-0.0315390992707886,0.02263591200442759
0.0039370725014422035,-0.01693168200595306,-0.017537804780501015,-0.002340689402095838,-0.02880583178871525,0.047650596217550696,-0.00899098793932362,0.01837712167967948,0.04480820658365565,-0.006503123914566406
0.029044711545438185,-0.008713731414819856,-0.02939459736532174,-0.028013841815362622,-0.01314318912111605,0.014485729055855509,-0.0310745678177098,0.014256501178533405,0.02268683865909704,-0.06314938734223315
-0.00342666660480413,-0.00780007226229665,-0.015272820860637285,0.024679528115293014,1.6692627666980699e-4,-0.05105378453500515,-0.026011600081439403,6.372947162830869e-5,-0.02001762687252134,-8.467132421103856e-4
0.02094736663359413,0.01338512759301885,-0.02581929807670622,0.017960268793430788,-0.02383964690842779,0.0236056835885777,0.0020087581572258663,-7.373268709164393e-4,-0.025132113439799333,-0.04971173061803349
-0.015396503820467903,0.03327456314493878,-0.02747862273560295,-0.012002468564747426,-0.029000528358416367,-0.018402470302908328,-0.014894431323344845,-0.011386690183012471,-0.006188402566545762,0.004534216351787305
-8.064283327870141e-4,0.061349170068404624,-0.03621054728678876,0.004885241545833267,-0.004257984970931486,-0.003164477703043073,-0.004614286788178657,0.03999593586865164,-0.009850715291195555,0.014112882060237187
0.030134573368634975,-0.035170688887807965,0.0452759297403405,-0.04644657181294305,-0.017309620743556353,-0.0017395782637589228,-0.018585582052171663,-0.017386912716004736,0.04284591638529074,-0.018501197542492354
-0.028150361928426064,0.036756910759050174,0.00261151887197977,0.0625037047525482,-0.012499668265166188,0.003726760096732681,0.014183643541154175,0.07380559134913796,8.331556894318165e-4,0.01303630267290543
-0.021657349846134565,-0.020569536226324823,0.009942628663888613,-0.008337321571148203,0.039447264546898134,0.04078508561829219,0.025036346156172486,0.016639624715987154,-0.021810055935243516,-0.03609114502942871
0.04602347514474236,-0.025159270315881634,-0.009570702282304507,0.027435493921094043,-0.002044872494543913,-0.04963470285174076,0.00681757245988039,-0.01717767819726213,-0.004551566028737256,0.02169319250051118
0.014555509860205202,-0.04277790688723846,0.0058651729798679395,-0.01112460681873254,0.012743120610681174,0.002039388212728859,-0.008798905041202447,-0.003970703472999912,-0.008628555755470394,-0.011496073073286641
-0.006151216497109976,0.029650458527689338,0.009397848437154126,-0.005529962016658214,-0.034199493124200626,0.033924241259368784,-0.04892475817051074,-0.056998377797796596,-0.02123623878061956,0.006853321177364018
0.01589233165199925,0.0036190809813049243,0.028061595672555385,0.00860964093416174,0.02732236790380094,-0.025916324963533226,-0.021209722064351986,0.008581051180698499,0.018785029612751372,0.029218826658949974
0.011632448393232936,0.03938287202937045,-0.046434973691994126,0.021486358197467994,-0.04026443907589733,-0.04279618620638708,-0.009611662821582661,-0.0013343970732147613,0.053661142928897176,0.002609426508542436
0.02990482152654678,0.0294298762038287,0.0038560905533596974,0.011295915472691348,0.010289206282167476,0.0029527961264881326,-0.017481195672528448,-0.030084699046041774,-0.03660972942010523,0.03667050560569703
-0.00337384373101548,-0.0346172957726485,0.027800970605158362,0.02604661615318799,0.016134924559439216,-0.03035287946481935,-0.0015480699340056792,-0.01454674513794958,0.008835622497404279,0.014084515331827587
-0.03377386842434168,-0.017158090794395568,0.02092362096987268,0.0021862789807201473,0.026888135811743954,-0.003428045720669481,0.02195839895305916,-0.024519515143890343,-0.0026561327035721782,0.01048461260296434
-0.016045325706316494,-0.0820055452940583,-0.022490346054352597,0.005913706435175092,-0.002973520290773373,0.036509904202576965,0.010468449916328205,0.010036247130485678,-0.04246659589710365,-5.253145419400998e-4
-5.686833229952417e-4,0.014819877364780399,0.003506338729389209,0.014491685688087917,0.02380326216334706,0.035313781431310476,0.048903666185533816,0.014455098218475617,0.01612954108258445,-0.005670414472247118
0.008933129197865684,0.01931037002473913,-0.032407148673351524,-0.010096505087804122,-0.028290054787577925,-0.01453548945829634,0.012679750243918837,0.003071641231384693,0.010251881223492448,0.017628683301076593
-0.020375273274481468,0.034114635992720486,-0.0025366943739643984,-0.00405752626705564,0.016526414188932904,0.027443687506242827,-0.0035088975495628735,-0.018350747036126602,-0.042110276605128755,-0.028583949757703803
0.03953777057420128,0.018344943298639452,-0.008418119145573529,-0.009069927355070501,0.027221188149367314,0.02294892530855987,-0.05379528071616372,-0.03717384419011871,-0.015011047119464684,-0.0033059603783040354
-0.043439947798495956,-0.019061245451279057,-0.024446553876672484,0.05086114015095939,0.062073320180262515,-0.012251316199626586,-0.0549674085974337,0.025555234687939528,0.0021973416032153004,-0.009218674015409888
0.05913763694027793,0.022357741025692775,0.006913685478097715,-0.010514030040816361,-0.014010525490982313,-0.019503334816502644,-0.055001369850192355,0.008858498287494783,-0.01297228298175262,0.0689182377765004
-0.04722394308332943,0.010468581934528187,-0.005768481951819376,-0.006198540726958598,-0.019740700720650043,-0.013107357755009952,-0.002990577394440521,0.020563275865617806,0.0041854053351023076,0.003960697275568129
-0.030424115376833788,0.038025836499490234,-0.037969104170179,-0.009174166823657485,0.010496891309853637,-0.018768136450067384,7.546105015127255e-4,0.03634496936937102,0.05204228471386339,0.023710396633909774
-0.011320393567595842,-0.021161061426352316,5.370382767581717e-4,-0.01282546034871015,-0.0282703538498836,0.013749901421070153,0.0140044717566354,0.03373988545384285,0.00494443166350854,-0.028041300699518587
-0.010861172505686805,0.04502578273531408,0.04113135446814658,-0.05910041408614032,-0.01293397944317316,0.042167157678156084,0.06091766257347705,-0.01885796740202709,-0.056480965305170786,-0.03411089684152748
0.026710460097888564,-0.03123199183301757,-0.011222898642446761,-0.00947388021048338,0.03511234437000944,-0.00519621832008718,0.017756900671760174,-0.018533938900525012,-0.025149276184547726,-0.02636352655811661
-0.0026230119412141446,0.039120490964808644,-0.008223308452959953,-0.06079849023389278,-0.01970802519304005,0.02415798386761267,-4.7052807630360786e-4,0.008157949003625502,-0.04259323207707933,-0.017326153329010878
0.03031795514520934,0.017014291352091867,-0.012314628637582927,-0.03395421985438316,0.0040058633664121525,0.039121759326779554,3.4004750630446716e-4,-0.013876546130384242,-0.005056499809140093,-0.0033662153853312457
0.033461104384522385,0.011636482008386552,-0.0192845012481391,0.030444337072618743,0.08964133455522165,-0.00508800527058229,0.007983861621839498,0.00146649701998539,0.009231274165940424,-0.0027268492635306348
0.01043696850366266,0.005718491099872234,-0.004135525726702029,0.025633390609519385,0.00865160070765099,-0.02732655306099153,0.024425516253044503,-0.045841724891489063,-0.03959018130701085,-0.005985048036557227
-0.04829933670599451,0.05838263150163407,-0.01975250774092199,-0.03770055080229335,0.02290686625888812,0.027201432581309817,0.03329712969085061,-0.036818322424456276,-0.0047791684458583315,-0.0209118448229769
0.02886145963289057,-0.030579925328618508,-0.019878930118100782,-0.03689533693657772,0.056656382592597344,0.001781029310079983,-0.017022892197314555,0.014526163745368395,-0.03257899305911561,0.010088187762373116
0.02520801149389341,-0.004552830307887783,0.0443338008834336,0.05151080575424342,0.036346583210375365,0.03764408163747039,0.011422007328689157,0.005930377819738921,-0.030092966797316132,0.033056520807197134
-0.04014971993765477,0.013930285436290095,-0.028271927296299192,-0.03753664242862967,0.0860550128995478,-0.007890937093506795,0.003181819128856734,-0.024846791809478942,-0.018674337563684515,0.015232657413972952
-0.008106575580755587,0.007951071673704532,-0.025844002729124363,2.566910341901029e-4,0.035580938425409506,-0.010191103385854024,-0.013257033274826073,0.011824407873875448,0.013240255628958902,0.0027814151183154627
-0.00997785213208453,0.04976807055091456,0.044309071679493675,0.033304114639812095,-0.05080957898046568,0.06315801369492874,-0.0074528590883711976,-0.04023654947292557,-0.053536654023978406,-0.0201636672870185
0.012391553023442083,0.008478163742780999,-0.02991263187530813,0.020567720731082866,-0.021521319776869097,-0.03822141215379512,-0.002634285719350276,-0.008372885329007144,0.006723814833002139,0.021877674150081766
-0.03212867837583262,0.00962463193384234,0.005056055104367555,0.017362100242673914,-0.010670294528660711,-0.0011150292578645758,-0.013956737470895937,-0.018939145828045983,-0.002977259363305113,0.029579724037508626
-0.03491606553895473,-0.023263167326842808,0.008067369655707146,-0.034206114303800154,0.0243856654525059,-0.030907980096563977,-0.0017258493978929185,-0.053988728176349615,-0.013533769224367678,0.009461188072921524
0.01668652059968146,-0.04389235024588365,0.0035383296993865276,-0.016678309100954525,-0.03206210537070976,-6.447379125096052e-4,-0.03757358645981415,0.010284429827507598,0.0164500416668065,0.02957059689547088
-0.010885726659540915,-0.013541302333720008,-0.024270513930541544,0.004843577484644861,-0.013793171273240295,0.04630388755523663,0.009683237784463793,0.03960793790454599,0.06186233608026932,0.0071293555785869826
0.0028767977783255823,0.026580078965997216,-0.06562107842481636,-0.020008410083586115,0.02149220119751573,-0.04114408896494659,0.02003477050004323,0.004099943001675684,0.0073962388579928125,-0.0010364952975497163
0.06156444910078486,-0.027584260616259168,-0.001327414468482101,0.0691265549510187,0.008208058363143814,0.031316341159721074,-0.024698898945228077,0.04075044183928418,-0.012648613345180696,0.002689892151319542
-0.024311037762281967,0.01700091954895881,-0.03348654867253927,0.034370493211485775,0.015135826261075304,0.004955995362946047,-0.021366692644004086,-0.007093693043078322,0.004949657050874176,0.0041813453530689096
0.03388877908663001,0.041607913860401406,0.03660124266235776,0.023840963802681893,4.2858860321115766e-4,-0.0050292664399419805,-0.0028168842481295837,0.056457090310499496,0.049049763099565824,0.013395412906476242
0.02453786274052166,-0.008166202797973018,-0.027394909124267158,0.010616486720706047,-3.5395644895718696e-4,0.07867332174254167,-0.02787667673205013,-0.007223491647596529,-0.029324243839351758,-0.005097345943739171
0.034683225353040116,0.010226727528102041,-0.005365654072633619,-0.03463932357069422,-0.022302816541876193,-0.0029142840320748493,-0.020709504045091493,0.018855585360812062,-0.006010281414192153,0.0060019708632170436
-0.05038982273285657,0.009037202698175604,-0.005010749349212259,-0.01915556951347718,0.020893564742054584,0.03484931184639169,-0.00567990491533686,-0.04732022613186542,-0.02114363573218346,0.02131185124784864
0.011708352643247063,0.03445239869497403,0.012135903334401678,0.05379360319782734,-0.00893786804666939,0.004416732944026801,-0.03611721793699513,0.038099964700130023,-0.03760367548426824,-0.022620497056840775
-0.02607752274609221,0.024615832452635985,0.03737301874461781,0.015639861118764718,0.028709845227724556,-0.05183825850858591,0.011482508153384429,-0.0023004948259889913,0.002270668840321594,-0.010363635724750494
-0.02250511400566616,-0.010374570371794584,0.011634365529595674,0.002646567869948974,-0.06804040131410051,0.007339259981364574,-0.020630724811840733,0.010003082755149087,-0.03511430900302037,-0.025733101724279627
-0.03716629015796558,-0.02229617294156342,0.017480151682674354,0.029383387995621207,-0.04930918319632587,-0.04257644537966172,-0.02511115815103665,0.030243803960125874,-0.02307336037296607,0.021419186943551365
0.04585515304131791,0.011899985943628682,-0.023141840082874073,-0.004848876174272004,-0.007132061965966835,0.004281636738787834,-0.022438904396492248,-0.001810119388168617,0.03157715543639075,0.039610858457499974
-0.04954058540570272,-0.001733141111630997,0.04850182693532396,-0.03484407222855813,-0.014782677101635668,0.0031064084608685614,0.03818960888477919,0.030175650768436535,0.004000575904373476,-0.020222823331845736
-0.025061150973657045,0.03242443051528386,-0.024396665384927387,0.023388227474116532,-0.021499216873329424,-0.04331314934458459,0.01349389497499132,0.026368905715134144,-0.024029203584330264,-8.93380273189918e-4
-0.012060826493544168,0.037234799693579436,0.008794662052976703,0.048315828077007766,-0.004357238200068985,0.009043038571400847,-0.03634849856035248,-0.003372724483246172,0.01552786851530892,0.03410648612641266
-0.015375036552713283,0.02176041828693612,-3.240531027295602e-4,-0.01198209501727732,-0.023864113981558462,-0.03826356272879205,-0.01960533061253291,-0.02840118908554012,0.0040343145605085725,-0.017981969533984014
0.012761850575544194,1.9518760794742945e-4,-0.09687630149858081,-0.016260999671113104,0.01988146729403074,0.019141996511070167,-0.03662275813155964,0.02384215897701108,0.061580174087173735,7.688444384708828e-4
-0.03042336583941741,-0.011943534793967151,-0.014120573587833887,-0.015239133172072605,0.014029037619930497,-0.0517289270947537,0.007470273029915533,0.022409537843018645,-0.07212995592327304,-0.020403634211737697
0.03343437096817439,0.05109439721791901,0.03543499480791596,0.06235314850482232,-1.5321578436458956e-4,-0.007899831161743929,0.01735976848080059,0.022534723218437858,-0.016561841366335314,-0.014754290747562246
0.008319394634802097,0.008603564151603198,-0.04240357376585229,-0.02589637602033623,-0.027415433036166822,0.03502528619908299,-0.00937790681484127,0.0056444117512127485,-0.05055092599865983,0.0023297771875627105
-0.014545998589819453,0.019916692329993692,0.044567307865561345,0.027225509928158167,-0.010703571165359839,0.0390247001701664,0.03585509104521726,0.02859832250011131,0.03863959240540223,0.014768725266813654
-0.025396403208952686,0.03013186198145158,0.02023590580995567,8.623798523685116e-4,0.01349412678665944,-0.00993124566554594,-0.0010595560528715699,5.031465946797865e-4,-0.0015997080137975374,-0.042074687957128015
0.0012800107552977257,0.058670527134445795,0.007439033319145221,-0.05972430307590771,6.150317189787387e-4,0.010531154094773376,-0.03731534745072076,0.016219688496162277,-0.03408794547919272,-0.015300470217835253
-0.02811868146929769,0.031241543831058,0.0037270062415541722,0.021257472143505714,-0.03301844140153984,0.03062139605472467,0.008592465692405538,-0.03640174735260025,0.025388001607317127,0.03194488270152241
0.007145097020589723,0.03532595666689227,0.009358890532600774,-0.01229834485757855,0.013630219298604697,-0.00836894136825217,-0.021913140945205283,0.020811991157178956,0.011524873029992513,0.006975197061543647
-0.0014397751535184667,0.03918341182901989,0.031237653799185958,-0.003031662511672721,0.02053730289155814,0.013255934811212044,0.023506274591210245,-0.03232718195630271,-0.03937294851190653,-0.01456520987689697
-0.011034690725173442,0.009476678654891754,-0.032703421492838676,-0.016706162670332737,-0.04656564216077613,-0.006919518224323714,-0.008501960761426923,-0.042956520083420165,-8.278961564639198e-4,-0.021421949532277253
0.011249139817706076,-0.02162200585153917,-0.020815943318220703,-0.015038416084755254,-0.009075215706001357,-0.01177272364833891,0.036327075062112836,0.02489937787737386,0.06411223921143187,0.0420282189167251
0.020117670388781553,-0.013817945773363831,-0.0044102069268491095,-0.04499562301537379,0.016808085202645578,-0.024620115827134935,-0.0017286151350599966,0.00749224939203767,-0.009424855349885027,-0.02637435715383354
0.0035978071108283163,0.025735410483551265,0.023199699122434716,0.027583965836233893,0.018121167736028707,-0.021961821786655136,0.01983360169311768,0.031228048250658398,-0.030938382705251635,-2.3833382199282824e-4
0.001107423638469497,0.017679858778400694,-0.017602922940089034,-0.004296389149562323,0.00914729708462073,-0.032375785573244345,0.01195003393117341,0.002851544434019728,0.02199316126154215,-5.028613602599552e-4
0.006943634622641827,0.0018396601368899812,0.027339398094705595,0.04085162200416648,0.03511030860615728,0.03560480591149974,0.05947560231402074,0.02088204900118166,-0.06426626682538936,-0.002915973165091723
0.020309175662151974,-0.022159195879419627,-0.027492572476983987,0.039674856040192906,0.0688183486334417,-0.06324968299585798,-0.005810562147915748,0.002251813522299665,-0.015436862998890325,-0.01922791868833164
7.53779916045058e-4,-0.006119670882504057,0.04255340083834631,-0.042437134816143064,-0.05195004334090406,0.013334605517710055,0.012075217272317383,-0.008768231107091422,-0.010722714528479851,-5.142702804930148e-4
0.016919354365337962,0.03922310319862142,0.03380913484293839,0.016257474227082073,0.013703802105664877,0.013132040572723972,0.022338197930061615,-0.015588347497299839,-0.03480199825731891,-0.017339125074913912
-0.0036918039444433373,0.027489265669223727,-0.016692424352446316,0.007540301391589399,0.01921528990915616,-0.04593396800714327,0.03502269271015313,-0.01983927951547603,-0.04169610769619143,-0.004100063621599607
-0.017357175987850488,-0.01238432365122043,-0.006654976460293139,-0.010906540188808593,-0.033900845548802065,0.005746612353911222,0.019144502188679215,-0.057512621132005004,-0.04342589915223292,0.01607903710598674
0.020896725012572923,-0.021335205729360485,-0.038493435750919194,-0.016085421669007064,-0.02233820172070432,-0.014035403681466236,0.01002735031368833,-0.022065463125327967,-0.026515163829723836,-0.01860404292696842
-0.013978039882607072,-0.031004817371053015,-0.02187931795392585,0.042613969495187996,0.016069216812013874,0.0016515366039941424,0.009074472517846113,-0.01038611856895586,0.02521653340755066,-0.015223731271561026
-0.009805685042159043,0.03018289051496001,-0.02130860846374903,0.005542283253762534,-0.014412025311895171,-0.0032458378058902275,-0.004371195217641616,0.029832856157153892,0.0071203871578571915,-0.0025781555316246392
0.004118108853132799,-0.003379095836575236,0.0014706792126346238,0.0103936133968866,-0.005439746538706388,0.024086374917737692,-0.0013573221927824963,-0.023378046483126733,-0.0019240703269356387,-0.011220943968021367
0.0031836228933869453,-0.007711184705159751,0.004027326972709175,7.21448332319476e-4,-0.017805651825958675,-0.027110688145050982,0.057131503621322306,0.04021421467567008,-0.016569039490942166,-0.010310664043060915
-0.0027781187966939573,-0.05983779886073368,-0.005147353581473197,-0.020304901950803728,0.014297001489249062,0.028607253098853216,0.0020302623960443667,0.02304476717541147,0.04046665192978799,0.059073796520480795
-0.0035794649436370228,0.010186749231863936,-0.025544162787074352,-0.00491598211234466,0.0036379571864669238,0.03457668048676948,-0.02782521736617536,0.009968941100451148,-0.027326728431607824,-0.021491032749916043
-0.043224521197103294,-0.029516139425634684,0.013420707538337889,-0.037198097064740615,-0.025674046327835504,-0.0393360499859907,0.011548063913546186,0.031715899468565456,8.858007550481175e-4,0.06527386269091139
0.025108948485315728,-0.040763347141398405,-0.02886356846759489,-0.018791637783996704,0.05241134493511005,-0.013831385706987947,0.003980377897020005,0.014679423992800865,0.007593442119140288,-0.013688723847674585
-0.028948097656114433,-0.0047128034586436315,-0.02164099782488363,0.017662435296772513,0.055837496626111933,-0.030606555232406428,-0.007606606584056398,-0.0351584569641171,0.04101663955565948,0.020918570723003873
0.00793646392088051,-0.05053207635941672,0.014322385718780818,0.025080410903209463,-0.003662127528437516,-0.026073105479817643,-0.008648674157820295,-0.03828394487470058,-0.013533265526403434,-0.016812620366296598
-4.4355338828723956e-4,-0.01933454538286895,-0.03183213135858096,9.12394248095485e-4,0.001816058297146342,0.028796440824884122,0.005600357704786182,-0.019912367803066933,0.0260108111765625,0.017077408785235393
-0.017030133983007407,-0.005663420407956856,0.03048787896917722,-0.04136824222480706,0.019810711507371508,-0.00665932620919929,-0.002418869082249318,0.021202979419058018,0.048271714255668736,0.026775106829400826
-0.017722207500936428,-0.04072528523786843,0.00429613971533741,-0.004594484364831757,0.02542274389597438,0.03865085161850487,0.04674152495308201,0.0022805593191336064,-0.029388209980318766,0.04028877548414355
0.00554029851544261,0.021744313415199456,0.02284706085681076,-0.01889077705742838,8.099447764726707e-4,-0.03650276629049977,-0.0074490819579406085,0.05283593706731126,-0.04329108940481527,-0.05384134963423553
0.042421529585294986,0.00513173907972994,-0.018383680230196615,-0.0444673581425136,0.01713524480666329,0.06822198143438872,0.0335498145789609,-0.014559677655534278,-0.039006959162360175,0.051095412457287964
0.033099581357563065,-0.03484888645978201,0.0045017239413677815,0.04659249262654864,-0.0055273511315232894,0.0262842252892253,-0.02307619506452816,0.00752908419547778,-0.023499947800414003,0.017055317734711778
0.009837277825105352,-0.02679954772751932,0.005307827454448648,-0.039303296718746585,-0.038256104893280345,-0.02972154336272758,-0.01065451317006104,-0.05934597630473218,0.006418694945901666,-0.002829999742427926
0.028726439800517204,-0.0091882335281568,-0.046062428995515804,0.02642711080458982,-0.00527493150889816,-0.01803283444138768,-0.029990253419023623,0.020594303614131407,0.06831309521430876,0.022233314476977874
-0.012044839537112719,-0.03645586460999419,-0.01493503975200215,-0.004677807081603353,-0.00893287888331599,0.017728176886228967,0.023267810736922884,-9.631600550772371e-4,-0.045591524814878805,0.008541776756046152
-0.08080732433892439,0.060756082804237894,-0.028148392571741423,-0.007942106604535612,-0.021907014305853997,-0.02697015463367988,0.05203811730311725,0.026282226493457447,-0.0511796918089581,-0.020574520473774862
0.03345991905884922,0.04481512896349016,0.008560224960290465,-0.04553766528339661,0.03950243665227858,-0.009855107483215622,0.009894573910951852,-0.016872632087562903,0.005140935400188263,0.008593485454824497
0.003325612227431182,-0.01232138427343649,0.013085620060686334,0.01004807096859824,0.0016466065017958786,-1.5768607622315773e-4,-0.004923884861701905,-0.04051205131376083,0.04138112706950838,-0.019788728148562716
-0.015448526447847473,-0.01830727480372088,-0.028922765268933018,0.03617777976133673,0.036002360947549446,-0.013511128171465821,-0.0235226790113822,-0.009335037086785923,0.03845129612015715,0.005620111625768606
0.034251109037582037,0.010701502442678886,0.023873673202993283,0.0026914316978125406,-0.020800091000432307,0.01092830704786368,0.010051169404604708,0.0063982246434471,-0.0014478616638597835,-0.005868916364439788
0.013116637848617526,0.032790931865703046,-0.002732269980573778,-0.03365442495549321,-0.01878565226854671,0.04306564992341677,0.05300044397577553,0.061736750808164764,0.036315987091533046,-0.02806007652294504
0.008034658938358486,0.0029359946669170966,-0.028320963559230167,0.012460152383811311,0.031683336298753834,-0.0447587211362384,-0.018889370779912547,0.010357579737510881,-0.05226986710971533,0.017542122912142317
-0.03697801412435743,-0.013880745603258549,-0.023843601124020834,-0.043905251936099295,0.03356272566759929,-0.008206064209543703,-0.004494205823812273,-0.06617344101531364,-3.0087934865966694e-4,0.006202200126113069
-0.02116646385282538,0.029512531760622254,0.020161449881409454,-0.004173069045223272,0.05091741221552583,0.01688130498016204,-0.003905476385372248,0.028679648158549897,0.007927826063293003,-6.073399998300661e-4
-0.04083989634436738,-0.01059187592077951,0.007723163153737911,0.05119398794075303,0.005285564032486644,0.004667542064452075,0.0052515351434432875,-0.029159652517526228,-0.00110913333661846,0.022621431750590157
-0.02332870784867995,-0.04031870403933867,-0.044431024726729204,0.012843250386595008,0.007734766501470866,-0.029531078314070213,0.014640137722421637,0.0305596412033255,0.028168731351954798,0.0034037635051071594
-0.01741151865309709,-0.028286225979823904,-0.007368844733465942,0.03017556352885508,-0.07347375745247513,0.015335230175582353,0.010690541159847798,-0.049695612551552,0.07605187528922344,-0.03353099333783236
0.004027800626247462,-0.05596825687736992,0.01436445832622587,0.002404180027370443,0.03342891573651604,-0.03068031060562883,0.008219146054871817,0.02092929473371486,0.006206719704687262,0.02059035677498379
-0.033373900796091246,-0.014512855224506325,0.02022727840838768,-0.012801595850517683,-0.0340024254616894,0.0594839663639984,-0.009502688133200158,-0.05720364253112238,0.018100411786723575,-0.028315382508166332
0.025845941261768746,0.005631548235274734,-0.025188313869833376,7.958066699052958e-4,-0.0218852903534543,-0.004411524204398987,-0.0019417078366851068,-0.035725173244084,0.049058064561895404,-0.016275469142335634
-0.0260033684033452,0.03144225732318774,0.027581910197675627,0.010404425381404065,0.026589864818697857,-0.029851144365389232,0.012168072340938285,-0.04270631545878652,-0.03435342993006847,-0.04714564741927219
0.004536350046489993,0.028294616271810524,0.01197526304232044,0.003684601527945347,-0.01082207128606964,-0.043688320395416286,0.05608181520903474,0.018882850209407876,-0.0013869076922686698,-0.004315725475052109
-0.0047931889365485794,0.012719719894027088,-0.011773168992454725,-0.01007846181823282,0.06055214728340032,0.02412626546660166,-0.03909756849659149,-0.001368593879591258,-0.009006150918132344,-0.0060682014585488695
0.028305419811203315,-0.037285944482497044,0.0359134703569446,0.020624261930108648,0.0047326932012885055,0.0054632422251655426,-0.006215423712314758,-0.0353063114845246,-0.01924068309267517,-0.02614156432400006
0.011124146343958741,0.057268194537628714,0.0202023758203931,-0.009181936860731398,0.006988765423844211,-0.045352391116695714,-0.009108005249533346,0.024166736140793996,0.047394965894866,-0.002774692859446576
0.009940527423719479,-0.0023326269941505674,-0.02513453403448605,0.02927140178342513,-0.03436431677702566,0.037351210775895274,-0.0014228013937878984,0.01629921301420916,-0.0038970939335097243,-0.021824511803238463
-0.029163198453241532,-0.012888020523247291,0.0060858522059834995,0.04069630083325895,-0.009092856770727785,-0.007259577577252663,0.005652699039004086,-0.018986899874905674,-0.055814030221232,-0.02574213791700102
0.0054785182935110114,-0.0016855051673177713,0.011712407646040682,0.06772310412884551,-0.025507653441268898,-0.004120805654970523,0.0026995934730662877,0.007317295352612006,0.019367627197563218,0.004670604068803474
-0.03334105225631554,-0.04404490430772276,0.015311001313165113,0.022541011967268553,-0.024066322431579985,0.006925303875920498,-0.015761315450255515,0.039169165118748815,0.01296834761488183,0.003915922232230742
-0.03704775207462412,-0.04185275746321283,0.008697067657962892,0.05130156596120824,-0.009073032336898233,-0.07082807496899238,0.0063700639158287865,-0.02356035375785361,-0.01732428380211927,0.009067248060635484
-0.017732035733788506,-0.0044373934361852645,0.009694920008251761,-0.048003947999741406,0.0043006366703517845,0.01981033684369029,0.03364679762572449,-0.01868320259978364,0.020905660148134633,-0.012478121261299501
7.797915116319801e-4,-0.008370807455082565,-0.020147973000007893,-0.023610940378149484,0.05726713381151085,-0.01609373250265206,0.012230448596397672,-0.02062570477924135,0.0016087742985822211,0.015636366694784937
-0.020564169614438323,0.04263192691476875,-0.022189376500632137,-0.035993881446272316,0.0037394180296291576,0.004530518109615446,-0.036442171436477204,0.00526808833564855,0.00505131314348651,-0.043082704919756666
-0.01257777272024494,0.023947831121364508,0.027836873136629074,-0.017716360163068542,-0.031457044197439867,0.0123989446640286,-0.0015084381472540045,0.018161510426442193,0.05560901697648661,0.01359900426574123
0.013078376462036995,0.031192359221478234,0.027599888234549685,6.901751134493594e-4,0.02359930792049547,-0.0030422255618893427,0.0029987858850350825,-0.010992483781311091,-0.06012016759935633,-0.04328304113743422
0.014075645012299907,0.005580194269949707,-0.034699223928398644,-0.003021893275365884,-0.0076883241090186,0.017477469010337768,-0.014421195567021981,0.004133132818606059,0.016505564650175653,-0.003962812283011642
-0.002903673672442191,-0.014812003494030074,0.05849309113878447,-0.051076158030137736,0.007117813474282361,-0.006463792555331887,0.0024544324440479385,0.028330991191009555,-0.002000279230413915,-0.023510732377993924
0.002130353320571744,-0.016501510864833806,0.035812166747982446,-0.022131171483529638,-0.014573847700560935,0.0422569600286433,0.006765050008220892,0.03419706875703611,0.007114417019159622,-0.04096070995286497
0.030732159569233797,-0.031351336605957944,0.01008341828144067,0.018840914987734044,0.010832637634262553,-0.017513031099968338,-0.028570782017432537,-0.006920855583750959,0.03633593622113488,0.03266316502932596
-0.008931934666976615,0.03493578484003761,0.010967625175145887,0.009689379735491145,-0.015246589928701263,-0.03238822747862961,0.059652169246016074,-0.035601805831223576,-0.018822181795021934,-0.034326656614269695
0.025211597303348352,-0.018778178769398354,0.0011398998429922804,-0.010782068552072352,-0.035042329293589226,-0.014914354460504459,-0.04129769952270339,-0.015039762810861074,0.0669484997319602,-0.014013704767142898
-0.026420638630236856,-0.0075573106666441065,-0.044455177049933056,-0.03726496553652131,-0.05064791976777642,0.021268978993610937,-0.040506768196372195,-0.026286585815929818,-0.0069437954359869375,0.008872577240780846
0.015333450274426392,-0.028837613662418292,-0.04580456267650756,0.021115389248872463,-0.027625885485203033,0.0041970439667784664,0.012558007239060759,-0.008146599114246127,0.03579777280836735,0.025062254264507863
-0.02316010058316208,-0.014753976560439771,-0.023650775564357893,-0.015151664906164512,0.027808930223201914,0.035613268749143195,-0.00846892401320585,0.002422446528917642,0.02487116398878329,-0.006196418354778498
-0.021023708954232938,-0.023829391961471418,0.0024928693720578233,0.0011329116847007496,-0.01300443022355029,0.0114022493871231,0.013337677088629667,0.03404606818856763,-0.009977135583974657,0.05656810529805707
0.0815664462912695,-0.010947527833023123,0.021259211184603097,-0.05754626969406089,0.010807505230104278,0.012022241116438435,0.00833648934793518,-0.0018929683806851766,-0.031589148848075975,0.015283007998413199
-0.033842332101121295,-0.02523347600740598,-0.043769815492123,-0.022163512055760688,0.01357849128745999,0.03158074358502096,0.07153259963046119,-0.029446756192397627,0.018527816709780244,0.022693835717569808
0.0041586984899394846,0.025468180031421386,-0.018346458777113096,-0.01759767650950866,-0.06206208640300095,-0.02472668196068561,0.02245752741239114,0.008289424741116717,0.014024718595932788,0.07745701833486078
0.013930301671875537,-0.017721707020960823,-0.040797116700567036,-0.019133180001844642,-0.006321408494006531,-0.034729109880808635,0.05348060664428156,0.0017446396351031724,-0.012355688683775762,0.004998857880182115
0.03122249237020343,-0.004805162055269651,0.007326483332557833,0.056775166452675045,0.009677891720446493,-0.042861947691282834,-0.0750324430375173,-0.03761076716245358,-0.03858570260926267,0.035461871287718265
-0.02765394720542866,0.027782198036768783,0.011472279117188244,-0.012792323324070733,-0.028145453692760575,-0.016311382451942472,0.006329801343618626,-0.0019130526810339768,-0.02058708797517664,-0.004277828671978812
-0.008833916378895721,-5.773662776044742e-4,0.02344889298519851,0.01993049308035804,0.006390427853818492,0.02673976195322265,0.002009319808754788,-0.04009775768232217,0.001862825556450355,0.04039803646458103
0.039696339476045395,0.03920870272657458,0.04139666818921844,-6.81393955078313e-4,0.005045465007165364,0.058973033632735525,-5.823008241414563e-4,-0.013275804762817532,0.026999216461223625,0.00900435843067488
-0.004430088348387269,-0.04468713336233187,0.03112368714885432,-0.031519145428369894,-0.025040184892728103,-0.025322011790872182,-0.003659686392544289,0.033834651142170824,0.021459777865278633,-0.04840474543835612
-0.0030873027213471683,0.013850055726742931,0.016167172688511828,-0.005827560124014053,-0.013299322263188073,-0.018629415348666852,-0.0098290820575765,0.014957993183724658,0.038191393746272534,0.06337213426029939
0.007662532107978361,-0.009171876882009947,-0.025743624913405077,-0.045581726126084944,0.04786914632670039,-0.007821731508652032,0.010903753294835797,-0.015127146497580454,-0.04956121961277549,0.011524026335869795
-0.02258255668178366,0.029609529458055242,0.02376383641072898,-0.021614345447440075,0.008685795776320174,0.006511353592150298,0.015555074811038443,0.0056604469696794075,0.04364224050574865,0.02355599100120724
0.017573226073187533,-0.011923571354653098,-0.03372081229656391,0.014134403754730676,0.00568134698433463,-0.026331031621594957,0.034662559582687255,0.01133203617772376,0.005111818879732353,-0.025019498346065452
0.022655018203480103,0.03424052490780321,0.02788738126817358,0.011296195823599744,-0.007337847937389031,-0.003820568825318435,-0.0012136910095828398,-0.017232928841807,0.0034089136351043736,0.030574235615170236
-0.027657874904567437,-0.01801699643276549,0.011133927654365794,-0.026691157286579035,-0.00481653873596188,0.018297663452796358,0.02006217738440946,0.012320877154911621,-0.018702223285680913,-0.015049461254755382
-0.04216951082033787,-0.02547525914082978,-0.04722864797071311,-0.02555915904210453,-0.004119861572697547,0.0203192850991618,0.01077148588772533,0.007185725855787071,0.014941050866306187,-0.03855569640912524
-0.02271845228722961,-0.003974856141410322,0.018910651463925492,-0.02707217044619404,0.0051317966952848515,-0.0017945645070935167,0.010736783097972892,-0.003054737848397434,8.951738926428853e-4,-0.03267743441690758
-0.015491472439178021,-0.033598447233865195,-0.010435991576445548,0.00964326679610239,0.05489672478047765,0.042392371304654446,0.0039182764269652445,0.026131451830924104,0.004200278093183943,0.0015378935328169512
-0.027295968470036038,-0.0022849599494799916,0.05000732328684763,-0.04054979500844172,-0.00703376024565518,0.01582511468657163,0.028124255129010487,0.005654024764208399,-0.013816208255709648,-9.650252989289542e-4
0.014249891035589917,0.036871851011639985,-0.002484210944498395,-0.013392967392938044,-0.030280652288228002,0.07643058802754989,-0.033392057401885764,-0.00818676793724101,0.022345209631556145,0.018381609061023704
0.03197285073148262,0.037779376884163385,0.014563302102057066,0.022404784018449718,0.04196227250251635,-0.04566195002564821,-0.021091487178204298,-0.03526984521262239,-0.0524041544987286,0.02110094115434124
-0.0315151112477748,-0.021097089326387652,0.04413089594594573,0.12301506580082057,2.4735529269017637e-5,0.0033449964102618785,0.06076903327975136,-0.051673279455064926,0.025828154574035332,-0.007415564018160312
0.018961285833245797,0.05911809639796344,-0.007791340696813131,-0.04508333653413275,-0.006481948456222244,0.023056342754987313,2.428382825084244e-5,-0.002327166201881618,0.01512203621073046,-0.07074411065138432
0.03292193972395203,0.019077512384567303,-0.022654095785025904,0.038269333183080956,0.048446401062114404,0.055719484357964026,-0.02438173204377365,0.02492779241407184,-0.004907205421891594,-0.07161952531321494
-0.04734638053190361,-0.007088142479743037,0.03265489291262307,-0.06637306402192168,0.04322250474213832,0.03535167115009122,0.017894006737020195,0.01187070892802285,0.02388001480341774,0.020865071866668722
0.012610418021504524,0.039914255340465575,-0.05058114407397594,0.04367376978322403,0.03486531842159332,-0.047891188880823735,-0.00762500962967439,0.027134889718089,-0.006450951234022517,-0.015529092098573664
0.04934005402750939,-0.04160057072750133,0.0121101880379142,0.0019395345083260643,0.010261179859880874,-2.0901118471378671e-4,-0.06750353046802772,-0.05296678381692656,0.01184564116467198,0.06466706969110568
-0.019489127481218796,0.03129055258288914,-0.014189186722260187,-0.03613699613929853,-0.011317414422589208,0.04234482481705971,0.056700366312520074,-0.023786589440344143,-0.011264120363776369,-0.018824691278232584
1.0718901620884254e-4,-0.03279909239511127,-0.01648502275653828,0.04284965580493014,0.027709083912551113,0.007070657080911927,-0.008746698888954156,0.00398584163523636,-0.058820618869718413,0.02466739928623645
0.010040139988176018,0.02233477573932193,-0.010970642931945692,0.0026949370474587692,9.848761194170472e-4,0.018622021855878565,-1.6065055604035582e-4,-7.192316261154689e-4,0.03301086766379922,0.04832807523669303
0.03706869654706394,0.0312444755366855,-0.013322699044683892,0.01479723843121613,-0.0030885241489256835,-0.003204829243048716,-0.028440418808537326,-0.04188700091679965,0.011222016145541936,-0.08177750265934002
-0.027754722248362867,-0.01315159483941453,0.005187811250082248,-0.04866940259135925,0.005504842294427577,0.006793194826454858,0.031150012226986316,0.027929307042553145,-0.0042991034145687,-0.02037174636052222
-0.0031670797961386374,-0.023321580160655803,0.019657936284994442,0.008117035270316864,0.006283656422438535,0.0203747948340387,-0.004009828961813623,-0.06040829788735217,0.05768023610615147,0.02149797762508861
0.012128853196857935,-0.036721839407864915,0.012794234051669497,0.0101489078228329,-0.013267548327300448,-0.0035195306298290365,0.030991139035381747,-0.008880253399924007,0.02761673419977754,-0.044820052484417665
0.023974949401192325,-9.051081032049708e-5,0.009138270487298218,-0.03497055522629783,-0.01420289860134677,-0.009185048610710782,-0.03388104580589684,-1.6547324899662922e-4,0.00773373504552619,-0.03482986486335955
0.005145531155997418,-0.01853158487243263,-0.01031480669918676,0.00892792091696135,0.010496812810313215,-3.806727390202684e-4,0.04737223127271572,0.0052698538993719134,0.021675628370545943,-0.03398074429722146
0.0027912585984210675,0.02897528211620429,0.022091766543077453,-0.041765311965843814,0.010407845032489293,0.003305724525389109,-0.016189206370067506,-0.05569548053405944,-0.038675722852027465,-0.013346341752302555
-0.015946008637813834,0.011612598604633264,0.007031361283038442,-0.002640955054494259,0.006193216274645666,0.02607892347494862,-0.00744055516005215,-0.031433719360735586,-0.015053143266122395,0.03978871299201281
0.017189241383963858,-0.010325552455971235,0.04960594354651792,-0.024404075298582222,0.015127833885288393,0.014240063164800717,0.03833418958788327,0.012388070645060631,-0.02980292091512084,-0.03022376150836933
0.002847833158441792,0.005504315676087834,-0.03570088210837382,-0.02091736633301881,0.03144575890951242,0.008431037694044415,-0.061989936532447366,-0.015572258180091737,-0.01744367617881159,0.03312596754440294
0.01776664351056659,0.034537227010550925,-0.006213973180959932,0.021712544821142973,-0.041100620218736235,0.027567735001555706,0.004634445432217745,0.0013239512646818202,0.05666364043805818,-0.015792159203956595
0.01981315844411162,-0.014573543150986827,0.045540321558648615,0.02678153768920545,-0.009955573558300783,-0.015020617603185625,-0.00808323696260752,0.0525353364234532,-0.0503707281492837,-0.01238260408507349
-0.019205756671980788,-0.031049390490626272,-0.009081669044118884,0.04062546704732586,0.02582097157192041,0.026259424274479026,-0.052977677231215624,-0.019756141441938116,4.225376849646971e-4,0.02583126535269618
0.005283930714449868,-0.03982730220014205,-0.025266662943637618,-0.007104586468782738,0.01458416595535339,-0.007991081558054709,-0.0035785063666369126,-0.04523826965381495,0.007898629101472475,-0.03584874673219495
0.026854456876374017,0.04709404634074753,-0.01336145385063392,0.02122278171630254,0.0230452905509928,0.021338570082484173,-0.024303271877736222,-0.03045299866038431,0.022849550810697453,-0.002367869519237524
-0.005808919891535774,0.015809142888266257,0.06891284546341125,-0.0242474160584843,-0.02734179972267371,0.015493149522206496,-0.046479304589080596,-0.03343923549724845,0.010763144847100746,-0.014237230149122225
-0.004143540575672365,-0.010980161224951747,-0.0027899109056361273,-0.016472015923523188,0.02064072557954708,0.017081796705948466,0.03917072044335807,-0.03492383103537778,0.011080331970567752,0.010848951714530273
-0.013164239693038853,0.08433569941218977,-0.0019769152484848864,-0.023881808671072906,-0.028600820853380952,0.04684938975564024,-0.019207388702993617,-0.0160671683125458,-0.0013716257654628086,0.03783552744029428
